PriorityRank,EmployeeNumber,AttritionPropensity,Flagged,RiskBand,ReplacementLiability,ExpectedLoss,JobRole,Department,OverTime,JobLevel,YearsAtCompany,YearsSinceLastPromotion,StockOptionLevel,ActualOutcome_ValidationOnly
1,478,0.9955,1,Critical,86168,85781.0,Sales Representative,Sales,Yes,1,3,1,0,Left
2,1494,0.9855,1,Critical,86168,84919.0,Laboratory Technician,Research & Development,Yes,1,0,0,0,Left
3,622,0.985,1,Critical,86168,84878.0,Laboratory Technician,Research & Development,Yes,1,1,0,0,Left
4,1487,0.9807,1,Critical,86168,84501.0,Sales Executive,Sales,No,2,5,0,0,Left
5,554,0.9675,1,Critical,86168,83365.0,Sales Representative,Sales,Yes,1,5,1,0,Left
6,47,0.9662,1,Critical,86168,83258.0,Sales Representative,Sales,Yes,1,3,0,0,Left
7,1758,0.9652,1,Critical,86168,83172.0,Sales Executive,Sales,Yes,3,0,0,0,Left
8,1108,0.9643,1,Critical,86168,83089.0,Research Scientist,Research & Development,Yes,1,2,2,0,Left
9,614,0.962,1,Critical,86168,82891.0,Sales Representative,Sales,Yes,1,0,0,0,Left
10,1716,0.9612,1,Critical,86168,82821.0,Sales Executive,Sales,No,4,23,14,0,Left
11,1767,0.9543,1,Critical,86168,82233.0,Research Scientist,Research & Development,Yes,1,1,0,1,Left
12,1624,0.954,1,Critical,86168,82208.0,Sales Representative,Sales,Yes,1,0,0,0,Left
13,1464,0.9534,1,Critical,86168,82155.0,Laboratory Technician,Research & Development,Yes,1,2,2,1,Left
14,1439,0.9512,1,Critical,86168,81959.0,Sales Representative,Sales,No,1,3,2,0,Left
15,1279,0.9511,1,Critical,86168,81952.0,Laboratory Technician,Research & Development,No,1,2,2,0,Left
16,514,0.951,1,Critical,86168,81946.0,Research Scientist,Research & Development,Yes,1,1,0,0,Left
17,1862,0.9504,1,Critical,86168,81890.0,Sales Executive,Sales,Yes,2,2,2,0,Left
18,1649,0.9499,1,Critical,86168,81851.0,Laboratory Technician,Research & Development,Yes,1,4,0,0,Left
19,1273,0.9491,1,Critical,86168,81782.0,Sales Representative,Sales,Yes,1,1,1,0,Left
20,235,0.9458,1,Critical,86168,81497.0,Sales Representative,Sales,No,1,0,0,0,Left
21,783,0.9404,1,Critical,86168,81028.0,Sales Representative,Sales,No,2,8,3,0,Stayed
22,436,0.94,1,Critical,86168,80994.0,Sales Executive,Sales,Yes,2,13,11,0,Stayed
23,970,0.9397,1,Critical,86168,80974.0,Sales Executive,Sales,No,3,14,11,0,Left
24,1053,0.9394,1,Critical,86168,80950.0,Research Scientist,Research & Development,Yes,1,3,1,1,Left
25,33,0.9379,1,Critical,86168,80817.0,Research Scientist,Research & Development,Yes,1,10,6,0,Left
26,1569,0.9329,1,Critical,86168,80387.0,Laboratory Technician,Research & Development,Yes,1,1,0,1,Left
27,424,0.9315,1,Critical,86168,80269.0,Human Resources,Human Resources,No,2,2,1,0,Stayed
28,590,0.9314,1,Critical,86168,80258.0,Human Resources,Human Resources,Yes,3,3,0,3,Left
29,846,0.9311,1,Critical,86168,80229.0,Sales Executive,Sales,Yes,2,8,7,0,Stayed
30,390,0.9305,1,Critical,86168,80176.0,Healthcare Representative,Research & Development,Yes,2,5,3,1,Stayed
31,2021,0.9302,1,Critical,86168,80153.0,Sales Representative,Sales,Yes,1,2,1,0,Stayed
32,960,0.9298,1,Critical,86168,80115.0,Laboratory Technician,Research & Development,No,1,1,0,0,Left
33,163,0.9286,1,Critical,86168,80014.0,Sales Executive,Sales,Yes,2,7,7,0,Left
34,932,0.9284,1,Critical,86168,79994.0,Laboratory Technician,Research & Development,Yes,1,2,2,0,Left
35,175,0.9264,1,Critical,86168,79825.0,Sales Executive,Sales,Yes,2,2,2,1,Left
36,816,0.9262,1,Critical,86168,79808.0,Laboratory Technician,Research & Development,Yes,1,1,0,1,Left
37,1968,0.9259,1,Critical,86168,79780.0,Sales Executive,Sales,Yes,3,2,2,0,Left
38,485,0.9233,1,Critical,86168,79557.0,Sales Representative,Sales,Yes,1,1,0,0,Left
39,1167,0.9233,1,Critical,86168,79555.0,Sales Executive,Sales,Yes,4,21,13,0,Left
40,1539,0.9207,1,Critical,86168,79335.0,Research Director,Research & Development,Yes,4,32,13,0,Stayed
41,702,0.9181,1,Critical,86168,79111.0,Research Scientist,Research & Development,Yes,1,10,9,0,Left
42,19,0.914,1,Critical,86168,78754.0,Laboratory Technician,Research & Development,Yes,1,4,0,0,Left
43,1,0.9128,1,Critical,86168,78654.0,Sales Executive,Sales,Yes,2,6,0,0,Left
44,1331,0.9106,1,Critical,86168,78467.0,Sales Representative,Sales,Yes,1,3,2,0,Left
45,1504,0.9099,1,Critical,86168,78404.0,Laboratory Technician,Research & Development,No,1,0,0,0,Left
46,80,0.9079,1,Critical,86168,78228.0,Research Director,Research & Development,Yes,5,27,13,1,Stayed
47,746,0.9073,1,Critical,86168,78182.0,Sales Executive,Sales,Yes,4,22,11,2,Stayed
48,2023,0.9072,1,Critical,86168,78170.0,Sales Representative,Sales,No,1,1,1,1,Left
49,1944,0.9071,1,Critical,86168,78163.0,Human Resources,Human Resources,No,1,1,0,0,Left
50,913,0.9057,1,Critical,86168,78043.0,Research Scientist,Research & Development,Yes,1,8,7,0,Stayed
51,1319,0.9035,1,Critical,86168,77849.0,Sales Executive,Sales,Yes,3,8,7,0,Left
52,1928,0.9031,1,Critical,86168,77821.0,Sales Representative,Sales,No,1,1,0,0,Left
53,1646,0.9013,1,Critical,86168,77659.0,Research Scientist,Research & Development,Yes,1,6,1,0,Stayed
54,1427,0.9009,1,Critical,86168,77628.0,Sales Representative,Sales,No,1,1,0,0,Left
55,1611,0.8989,1,Critical,86168,77460.0,Laboratory Technician,Research & Development,Yes,2,10,1,0,Stayed
56,1188,0.8987,1,Critical,86168,77443.0,Sales Executive,Sales,No,2,4,1,0,Left
57,911,0.8987,1,Critical,86168,77436.0,Laboratory Technician,Research & Development,Yes,1,1,0,0,Left
58,440,0.8982,1,Critical,86168,77397.0,Research Scientist,Research & Development,Yes,1,3,2,0,Left
59,792,0.898,1,Critical,86168,77378.0,Laboratory Technician,Research & Development,No,1,2,2,1,Stayed
60,65,0.8975,1,Critical,86168,77337.0,Laboratory Technician,Research & Development,Yes,1,2,2,0,Left
61,167,0.8972,1,Critical,86168,77308.0,Sales Representative,Sales,Yes,1,0,0,0,Left
62,1019,0.8945,1,Critical,86168,77075.0,Laboratory Technician,Research & Development,No,1,4,1,1,Stayed
63,1004,0.8942,1,Critical,86168,77054.0,Research Scientist,Research & Development,Yes,1,5,0,0,Left
64,723,0.8919,1,Critical,86168,76855.0,Sales Executive,Sales,Yes,2,4,1,1,Left
65,1961,0.8913,1,Critical,86168,76802.0,Sales Representative,Sales,No,1,1,0,0,Stayed
66,1239,0.8908,1,Critical,86168,76755.0,Sales Executive,Sales,No,2,5,1,1,Stayed
67,927,0.8906,1,Critical,86168,76740.0,Laboratory Technician,Research & Development,Yes,1,7,1,1,Left
68,68,0.8864,1,Critical,86168,76382.0,Sales Executive,Sales,Yes,2,4,1,1,Stayed
69,1157,0.8853,1,Critical,86168,76284.0,Sales Executive,Sales,Yes,2,5,0,0,Left
70,269,0.8829,1,Critical,86168,76078.0,Laboratory Technician,Research & Development,No,2,6,1,0,Stayed
71,959,0.8826,1,Critical,86168,76054.0,Sales Representative,Sales,Yes,1,1,0,0,Left
72,1237,0.8822,1,Critical,86168,76018.0,Manufacturing Director,Research & Development,Yes,3,7,7,1,Stayed
73,925,0.8807,1,Critical,86168,75889.0,Sales Representative,Sales,Yes,1,3,1,0,Stayed
74,205,0.8801,1,Critical,86168,75836.0,Sales Representative,Sales,Yes,2,7,4,1,Stayed
75,401,0.8795,1,Critical,86168,75788.0,Sales Executive,Sales,Yes,2,8,7,0,Left
76,261,0.8781,1,Critical,86168,75665.0,Manufacturing Director,Research & Development,Yes,2,1,0,0,Left
77,1844,0.8766,1,Critical,86168,75532.0,Human Resources,Human Resources,Yes,1,2,2,3,Left
78,113,0.8731,1,Critical,86168,75236.0,Sales Representative,Sales,No,1,0,0,1,Stayed
79,1296,0.8721,1,Critical,86168,75148.0,Laboratory Technician,Research & Development,Yes,1,2,2,1,Stayed
80,1016,0.8714,1,Critical,86168,75090.0,Research Scientist,Research & Development,Yes,1,1,0,0,Left
81,382,0.871,1,Critical,86168,75050.0,Sales Executive,Sales,Yes,2,8,7,1,Stayed
82,137,0.8702,1,Critical,86168,74980.0,Laboratory Technician,Research & Development,Yes,1,1,1,0,Left
83,1752,0.8638,1,Critical,86168,74435.0,Sales Representative,Sales,No,1,2,2,0,Left
84,394,0.8634,1,Critical,86168,74399.0,Laboratory Technician,Research & Development,Yes,1,3,0,1,Left
85,363,0.8604,1,Critical,86168,74137.0,Manager,Sales,Yes,4,7,7,1,Stayed
86,1975,0.858,1,Critical,86168,73936.0,Sales Executive,Sales,No,4,20,11,0,Stayed
87,720,0.8568,1,Critical,86168,73826.0,Sales Executive,Sales,No,2,2,2,0,Left
88,142,0.8567,1,Critical,86168,73817.0,Sales Executive,Sales,Yes,2,6,0,0,Left
89,593,0.8563,1,Critical,86168,73781.0,Laboratory Technician,Research & Development,No,1,2,1,0,Left
90,1645,0.8552,1,Critical,86168,73694.0,Sales Executive,Sales,Yes,2,2,2,2,Left
91,1939,0.8543,1,Critical,86168,73615.0,Research Scientist,Research & Development,Yes,1,4,0,0,Left
92,608,0.8543,1,Critical,86168,73614.0,Human Resources,Human Resources,Yes,1,7,1,1,Left
93,648,0.8534,1,Critical,86168,73537.0,Sales Representative,Sales,No,1,1,0,1,Left
94,1916,0.8531,1,Critical,86168,73507.0,Laboratory Technician,Research & Development,No,1,2,2,1,Stayed
95,1318,0.8522,1,Critical,86168,73428.0,Sales Executive,Sales,Yes,3,5,1,0,Left
96,1780,0.8514,1,Critical,86168,73362.0,Sales Representative,Sales,No,1,1,1,0,Left
97,1496,0.8514,1,Critical,86168,73362.0,Manufacturing Director,Research & Development,Yes,3,2,2,0,Stayed
98,918,0.8513,1,Critical,86168,73352.0,Laboratory Technician,Research & Development,Yes,1,1,0,1,Left
99,1281,0.8497,1,Critical,86168,73220.0,Sales Executive,Sales,Yes,2,3,0,0,Stayed
100,1535,0.8493,1,Critical,86168,73179.0,Sales Executive,Sales,Yes,3,10,8,0,Stayed
101,952,0.8491,1,Critical,86168,73167.0,Sales Representative,Sales,Yes,1,1,0,3,Left
102,147,0.849,1,Critical,86168,73158.0,Laboratory Technician,Research & Development,Yes,2,9,0,0,Left
103,1286,0.848,1,Critical,86168,73072.0,Laboratory Technician,Research & Development,Yes,1,4,0,0,Stayed
104,64,0.8468,1,Critical,86168,72970.0,Laboratory Technician,Research & Development,Yes,3,1,0,0,Left
105,1458,0.8468,1,Critical,86168,72964.0,Laboratory Technician,Research & Development,Yes,1,1,0,0,Left
106,983,0.8468,1,Critical,86168,72964.0,Sales Executive,Sales,Yes,2,5,1,0,Stayed
107,454,0.846,1,Critical,86168,72896.0,Laboratory Technician,Research & Development,Yes,1,7,0,0,Left
108,214,0.8449,1,Critical,86168,72804.0,Research Scientist,Research & Development,Yes,1,1,0,1,Stayed
109,2053,0.8446,1,Critical,86168,72774.0,Laboratory Technician,Research & Development,Yes,2,4,0,1,Stayed
110,508,0.8444,1,Critical,86168,72764.0,Sales Representative,Sales,No,1,1,0,1,Stayed
111,1001,0.8427,1,Critical,86168,72613.0,Laboratory Technician,Research & Development,No,1,2,2,1,Stayed
112,475,0.8422,1,Critical,86168,72571.0,Sales Executive,Sales,Yes,2,2,2,1,Stayed
113,1077,0.8397,1,Critical,86168,72353.0,Sales Representative,Sales,Yes,1,2,0,0,Left
114,881,0.838,1,Critical,86168,72205.0,Research Scientist,Research & Development,Yes,1,10,7,1,Left
115,1594,0.8375,1,Critical,86168,72164.0,Laboratory Technician,Research & Development,Yes,2,3,0,1,Stayed
116,248,0.8346,1,Critical,86168,71920.0,Sales Representative,Sales,Yes,1,4,0,0,Left
117,274,0.8346,1,Critical,86168,71917.0,Manufacturing Director,Research & Development,No,2,2,2,1,Stayed
118,1307,0.8344,1,Critical,86168,71894.0,Manager,Research & Development,Yes,4,19,15,2,Stayed
119,1248,0.8341,1,Critical,86168,71872.0,Research Scientist,Research & Development,Yes,1,1,0,0,Left
120,55,0.8322,1,Critical,86168,71709.0,Laboratory Technician,Research & Development,No,1,1,0,0,Left
121,1111,0.8321,1,Critical,86168,71700.0,Laboratory Technician,Research & Development,No,1,1,0,2,Left
122,1017,0.83,1,Critical,86168,71517.0,Laboratory Technician,Research & Development,No,1,3,1,0,Left
123,397,0.8283,1,Critical,86168,71375.0,Research Scientist,Research & Development,No,2,8,7,0,Stayed
124,299,0.828,1,Critical,86168,71345.0,Sales Executive,Sales,No,2,6,0,0,Left
125,467,0.8276,1,Critical,86168,71311.0,Sales Representative,Sales,No,2,0,0,0,Stayed
126,1642,0.8275,1,Critical,86168,71307.0,Human Resources,Human Resources,Yes,2,10,0,0,Stayed
127,1835,0.8264,1,Critical,86168,71212.0,Sales Representative,Sales,Yes,2,4,0,2,Stayed
128,1502,0.8262,1,Critical,86168,71188.0,Laboratory Technician,Research & Development,No,1,5,0,0,Stayed
129,1278,0.8257,1,Critical,86168,71151.0,Healthcare Representative,Research & Development,Yes,4,33,15,1,Stayed
130,4,0.8251,1,Critical,86168,71095.0,Laboratory Technician,Research & Development,Yes,1,0,0,0,Left
131,732,0.8236,1,Critical,86168,70969.0,Sales Executive,Sales,No,2,2,2,0,Stayed
132,1747,0.8229,1,Critical,86168,70903.0,Human Resources,Human Resources,No,1,4,1,1,Left
133,1379,0.8209,1,Critical,86168,70737.0,Sales Representative,Sales,No,1,1,0,0,Left
134,796,0.8207,1,Critical,86168,70716.0,Sales Executive,Sales,No,2,4,1,0,Left
135,885,0.8205,1,Critical,86168,70699.0,Sales Executive,Sales,No,2,5,0,0,Stayed
136,1783,0.8202,1,Critical,86168,70672.0,Laboratory Technician,Research & Development,Yes,1,1,0,0,Left
137,1311,0.8192,1,Critical,86168,70585.0,Laboratory Technician,Research & Development,No,2,9,6,1,Stayed
138,75,0.8191,1,Critical,86168,70583.0,Laboratory Technician,Research & Development,Yes,1,2,2,1,Stayed
139,879,0.8188,1,Critical,86168,70555.0,Sales Executive,Sales,Yes,2,5,0,0,Stayed
140,1297,0.8157,1,Critical,86168,70291.0,Laboratory Technician,Research & Development,No,1,7,7,0,Stayed
141,1329,0.8133,1,Critical,86168,70078.0,Sales Executive,Sales,No,2,19,11,0,Stayed
142,994,0.813,1,Critical,86168,70050.0,Research Scientist,Research & Development,Yes,1,0,0,0,Left
143,2003,0.8129,1,Critical,86168,70048.0,Laboratory Technician,Research & Development,Yes,1,2,2,1,Stayed
144,1299,0.8124,1,Critical,86168,70002.0,Laboratory Technician,Research & Development,Yes,1,7,7,2,Left
145,773,0.8108,1,Critical,86168,69865.0,Research Scientist,Research & Development,Yes,1,1,0,1,Stayed
146,1010,0.8076,1,Critical,86168,69588.0,Laboratory Technician,Research & Development,Yes,1,4,0,1,Left
147,1893,0.8074,1,Critical,86168,69568.0,Research Scientist,Research & Development,Yes,1,1,1,1,Stayed
148,1489,0.8063,1,Critical,86168,69481.0,Sales Executive,Sales,Yes,2,15,10,0,Left
149,133,0.8062,1,Critical,86168,69467.0,Human Resources,Human Resources,Yes,1,3,0,0,Left
150,785,0.8054,1,Critical,86168,69401.0,Sales Executive,Sales,Yes,2,5,1,0,Left
151,1198,0.8045,1,Critical,86168,69318.0,Laboratory Technician,Research & Development,No,1,2,1,0,Stayed
152,1210,0.8044,1,Critical,86168,69314.0,Research Scientist,Research & Development,No,1,1,0,1,Left
153,1350,0.8034,1,Critical,86168,69229.0,Research Scientist,Research & Development,Yes,2,9,1,0,Stayed
154,1985,0.8033,1,Critical,86168,69215.0,Laboratory Technician,Research & Development,No,2,10,9,1,Stayed
155,1878,0.8013,1,Critical,86168,69050.0,Research Scientist,Research & Development,Yes,1,1,0,0,Left
156,1669,0.8008,1,Critical,86168,69004.0,Sales Executive,Sales,Yes,2,10,0,1,Stayed
157,351,0.8004,1,Critical,86168,68965.0,Laboratory Technician,Research & Development,Yes,1,9,7,1,Stayed
158,1734,0.7998,1,Critical,86168,68919.0,Sales Executive,Sales,No,2,0,0,0,Left
159,832,0.7983,1,Critical,86168,68785.0,Laboratory Technician,Research & Development,No,2,1,0,0,Stayed
160,939,0.7957,1,Critical,86168,68566.0,Research Scientist,Research & Development,Yes,1,3,0,0,Stayed
161,2013,0.793,1,Critical,86168,68329.0,Sales Representative,Sales,No,1,2,2,1,Stayed
162,896,0.7907,1,Critical,86168,68131.0,Sales Representative,Sales,Yes,1,3,0,3,Left
163,1372,0.7887,1,Critical,86168,67959.0,Sales Executive,Sales,Yes,4,19,3,0,Left
164,741,0.7885,1,Critical,86168,67944.0,Research Scientist,Research & Development,Yes,1,7,3,0,Left
165,1905,0.7874,1,Critical,86168,67845.0,Research Scientist,Research & Development,Yes,1,5,3,1,Left
166,1980,0.7854,1,Critical,86168,67676.0,Manufacturing Director,Research & Development,Yes,2,5,1,0,Stayed
167,954,0.7851,1,Critical,86168,67654.0,Sales Executive,Sales,No,3,1,0,1,Stayed
168,1827,0.7842,1,Critical,86168,67575.0,Manufacturing Director,Research & Development,Yes,3,22,14,1,Stayed
169,1415,0.7841,1,Critical,86168,67563.0,Laboratory Technician,Research & Development,No,1,3,0,1,Stayed
170,666,0.7823,1,Critical,86168,67411.0,Sales Representative,Sales,Yes,1,8,0,2,Stayed
171,1522,0.782,1,Critical,86168,67385.0,Research Scientist,Research & Development,No,1,9,0,0,Left
172,1409,0.7805,1,Critical,86168,67257.0,Laboratory Technician,Research & Development,No,1,5,0,0,Stayed
173,2055,0.7804,1,Critical,86168,67245.0,Sales Executive,Sales,Yes,3,3,2,1,Left
174,1868,0.7801,1,Critical,86168,67223.0,Research Scientist,Research & Development,Yes,1,1,1,0,Left
175,72,0.7795,1,Critical,86168,67165.0,Sales Executive,Sales,Yes,2,2,0,1,Stayed
176,991,0.7774,1,Critical,86168,66990.0,Research Scientist,Research & Development,Yes,1,3,1,0,Left
177,1675,0.7771,1,Critical,86168,66960.0,Laboratory Technician,Research & Development,No,1,4,3,0,Stayed
178,1541,0.7767,1,Critical,86168,66922.0,Sales Representative,Sales,Yes,1,11,5,1,Stayed
179,51,0.7757,1,Critical,86168,66844.0,Research Scientist,Research & Development,Yes,1,1,0,1,Stayed
180,396,0.7728,1,Critical,86168,66590.0,Research Director,Research & Development,Yes,5,3,1,0,Stayed
181,1180,0.7722,1,Critical,86168,66540.0,Research Scientist,Research & Development,Yes,2,1,0,1,Stayed
182,425,0.771,1,Critical,86168,66434.0,Laboratory Technician,Research & Development,No,3,24,9,1,Stayed
183,1605,0.7707,1,Critical,86168,66413.0,Research Scientist,Research & Development,Yes,1,4,1,0,Stayed
184,502,0.7703,1,Critical,86168,66373.0,Sales Executive,Sales,Yes,2,5,0,0,Left
185,647,0.7702,1,Critical,86168,66370.0,Laboratory Technician,Research & Development,Yes,1,6,1,1,Left
186,331,0.7698,1,Critical,86168,66333.0,Laboratory Technician,Research & Development,Yes,1,3,1,0,Left
187,1158,0.7687,1,Critical,86168,66239.0,Laboratory Technician,Research & Development,Yes,1,1,0,1,Stayed
188,904,0.7682,1,Critical,86168,66197.0,Sales Executive,Sales,Yes,3,10,0,0,Stayed
189,1204,0.767,1,Critical,86168,66091.0,Manager,Sales,No,4,26,15,0,Stayed
190,2010,0.7639,1,Critical,86168,65822.0,Laboratory Technician,Research & Development,No,1,6,4,0,Stayed
191,1402,0.7634,1,Critical,86168,65777.0,Research Scientist,Research & Development,Yes,2,20,1,0,Stayed
192,45,0.7629,1,Critical,86168,65733.0,Research Scientist,Research & Development,Yes,1,2,2,1,Left
193,1972,0.7595,1,Critical,86168,65448.0,Human Resources,Human Resources,Yes,1,6,1,1,Stayed
194,803,0.7594,1,Critical,86168,65433.0,Manufacturing Director,Research & Development,Yes,2,15,4,0,Stayed
195,1043,0.7591,1,Critical,86168,65408.0,Manufacturing Director,Research & Development,Yes,3,21,2,0,Stayed
196,2020,0.7572,1,Critical,86168,65248.0,Research Scientist,Research & Development,Yes,1,4,1,0,Stayed
197,1403,0.7531,1,Critical,86168,64894.0,Sales Executive,Sales,Yes,2,6,4,0,Stayed
198,1033,0.753,1,Critical,86168,64887.0,Healthcare Representative,Research & Development,No,2,1,0,0,Left
199,527,0.7507,1,Critical,86168,64686.0,Sales Executive,Sales,Yes,2,5,1,0,Stayed
200,1998,0.7487,1,Critical,86168,64518.0,Research Scientist,Research & Development,Yes,2,4,1,1,Stayed
201,233,0.7485,1,Critical,86168,64493.0,Research Scientist,Research & Development,Yes,1,5,1,1,Stayed
202,1421,0.7483,1,Critical,86168,64482.0,Healthcare Representative,Research & Development,Yes,3,8,7,0,Left
203,470,0.7456,1,Critical,86168,64251.0,Human Resources,Human Resources,Yes,1,3,1,1,Stayed
204,819,0.7456,1,Critical,86168,64250.0,Sales Executive,Sales,No,2,3,0,0,Left
205,1556,0.7456,1,Critical,86168,64250.0,Sales Representative,Sales,Yes,1,3,1,0,Stayed
206,1079,0.7449,1,Critical,86168,64189.0,Laboratory Technician,Research & Development,No,1,1,1,0,Left
207,1083,0.7439,1,Critical,86168,64104.0,Laboratory Technician,Research & Development,No,1,5,1,2,Stayed
208,1380,0.7428,1,Critical,86168,64009.0,Sales Executive,Sales,Yes,2,4,3,1,Left
209,1547,0.7426,1,Critical,86168,63986.0,Healthcare Representative,Research & Development,Yes,3,20,13,1,Stayed
210,1702,0.7419,1,Critical,86168,63929.0,Sales Representative,Sales,Yes,1,3,0,1,Left
211,1674,0.7417,1,Critical,86168,63910.0,Laboratory Technician,Research & Development,Yes,1,2,2,1,Stayed
212,1425,0.7387,1,Critical,86168,63652.0,Sales Executive,Sales,Yes,2,5,0,0,Stayed
213,1606,0.7372,1,Critical,86168,63520.0,Healthcare Representative,Research & Development,Yes,4,30,12,1,Stayed
214,90,0.734,1,Critical,86168,63246.0,Research Scientist,Research & Development,Yes,1,1,0,1,Left
215,329,0.7287,1,Critical,86168,62791.0,Manager,Sales,Yes,5,33,15,0,Stayed
216,281,0.7286,1,Critical,86168,62785.0,Laboratory Technician,Research & Development,Yes,2,7,3,1,Stayed
217,663,0.7283,1,Critical,86168,62755.0,Laboratory Technician,Research & Development,Yes,2,8,4,1,Stayed
218,964,0.7275,1,Critical,86168,62685.0,Research Scientist,Research & Development,Yes,1,1,0,1,Stayed
219,1597,0.7274,1,Critical,86168,62681.0,Healthcare Representative,Research & Development,No,2,8,7,1,Stayed
220,1735,0.7274,1,Critical,86168,62679.0,Laboratory Technician,Research & Development,No,1,3,1,0,Stayed
221,1880,0.7258,1,Critical,86168,62543.0,Sales Executive,Sales,Yes,2,10,1,1,Stayed
222,1960,0.723,1,Critical,86168,62299.0,Laboratory Technician,Research & Development,No,1,4,0,1,Left
223,362,0.7209,1,Critical,86168,62115.0,Laboratory Technician,Research & Development,No,2,6,0,0,Stayed
224,1202,0.7208,1,Critical,86168,62108.0,Research Scientist,Research & Development,Yes,1,5,1,1,Stayed
225,1486,0.7191,1,Critical,86168,61963.0,Sales Representative,Sales,No,1,3,1,1,Left
226,434,0.7187,1,Critical,86168,61927.0,Research Scientist,Research & Development,Yes,1,4,1,0,Stayed
227,1107,0.7178,1,Critical,86168,61853.0,Laboratory Technician,Research & Development,No,1,1,0,1,Left
228,1684,0.716,1,Critical,86168,61693.0,Laboratory Technician,Research & Development,Yes,1,5,1,0,Left
229,466,0.7148,1,Critical,86168,61596.0,Manufacturing Director,Research & Development,Yes,2,5,1,0,Stayed
230,325,0.7147,1,Critical,86168,61582.0,Laboratory Technician,Research & Development,Yes,1,5,0,1,Left
231,161,0.7141,1,Critical,86168,61536.0,Research Scientist,Research & Development,Yes,1,5,4,3,Left
232,1886,0.7137,1,Critical,86168,61498.0,Manufacturing Director,Research & Development,Yes,2,3,0,0,Stayed
233,103,0.7131,1,Critical,86168,61444.0,Human Resources,Human Resources,Yes,2,4,0,1,Stayed
234,2018,0.7128,1,Critical,86168,61421.0,Sales Executive,Sales,Yes,2,5,0,1,Stayed
235,145,0.7128,1,Critical,86168,61419.0,Healthcare Representative,Research & Development,No,3,13,12,0,Stayed
236,238,0.7124,1,Critical,86168,61386.0,Laboratory Technician,Research & Development,No,1,8,7,0,Stayed
237,1420,0.7122,1,Critical,86168,61365.0,Laboratory Technician,Research & Development,No,2,4,1,0,Left
238,1876,0.7087,1,Critical,86168,61064.0,Sales Representative,Sales,No,1,1,0,0,Left
239,315,0.7068,1,Critical,86168,60904.0,Research Scientist,Research & Development,Yes,1,4,0,0,Left
240,1481,0.7064,1,Critical,86168,60873.0,Sales Executive,Sales,No,2,1,0,1,Stayed
241,1396,0.7061,1,Critical,86168,60841.0,Sales Executive,Sales,Yes,2,3,1,3,Stayed
242,1055,0.706,1,Critical,86168,60835.0,Sales Representative,Sales,Yes,1,1,0,1,Stayed
243,1301,0.7038,1,Critical,86168,60643.0,Research Scientist,Research & Development,No,1,3,1,0,Stayed
244,1915,0.7033,1,Critical,86168,60601.0,Sales Executive,Sales,Yes,2,4,0,0,Stayed
245,1391,0.703,1,Critical,86168,60577.0,Sales Executive,Sales,No,3,4,3,0,Stayed
246,1175,0.7005,1,Critical,86168,60363.0,Laboratory Technician,Research & Development,Yes,1,1,0,0,Left
247,1614,0.7003,1,Critical,86168,60347.0,Manufacturing Director,Research & Development,Yes,2,3,1,2,Stayed
248,837,0.6998,1,Critical,86168,60299.0,Healthcare Representative,Research & Development,No,2,4,1,1,Stayed
249,1154,0.6995,1,Critical,86168,60278.0,Research Scientist,Research & Development,Yes,1,3,0,1,Stayed
250,246,0.6989,1,Critical,86168,60219.0,Research Scientist,Research & Development,Yes,1,4,0,1,Stayed
251,1760,0.6988,1,Critical,86168,60217.0,Laboratory Technician,Research & Development,No,1,6,0,1,Stayed
252,556,0.6988,1,Critical,86168,60212.0,Laboratory Technician,Research & Development,Yes,1,1,0,1,Stayed
253,1704,0.6979,1,Critical,86168,60138.0,Research Scientist,Research & Development,Yes,1,5,1,0,Stayed
254,875,0.6978,1,Critical,86168,60132.0,Research Scientist,Research & Development,Yes,1,2,2,0,Stayed
255,974,0.6965,1,Critical,86168,60016.0,Sales Representative,Sales,No,1,3,0,1,Stayed
256,1282,0.6922,1,Critical,86168,59642.0,Manager,Sales,Yes,5,29,11,1,Stayed
257,429,0.6899,1,Critical,86168,59448.0,Manager,Research & Development,Yes,4,21,11,0,Stayed
258,1650,0.6885,1,Critical,86168,59325.0,Sales Executive,Sales,No,2,5,1,0,Stayed
259,752,0.6879,1,Critical,86168,59276.0,Research Scientist,Research & Development,Yes,1,2,2,0,Left
260,669,0.6879,1,Critical,86168,59272.0,Sales Representative,Sales,No,1,3,1,0,Stayed
261,1125,0.6852,1,Critical,86168,59043.0,Sales Executive,Sales,No,3,1,0,0,Stayed
262,1258,0.6846,1,Critical,86168,58988.0,Laboratory Technician,Research & Development,No,1,1,0,0,Stayed
263,1694,0.6845,1,Critical,86168,58978.0,Research Scientist,Research & Development,No,1,4,1,1,Stayed
264,445,0.6841,1,Critical,86168,58947.0,Sales Executive,Sales,Yes,2,1,0,0,Left
265,854,0.6834,0,Critical,86168,58890.0,Research Scientist,Research & Development,No,1,4,0,0,Stayed
266,27,0.6829,1,Critical,86168,58846.0,Sales Representative,Sales,No,1,5,0,0,Left
267,566,0.6825,0,Critical,86168,58812.0,Human Resources,Human Resources,No,1,1,0,0,Left
268,1801,0.6779,1,Critical,86168,58414.0,Sales Executive,Sales,No,2,2,2,0,Stayed
269,1234,0.6779,1,Critical,86168,58412.0,Laboratory Technician,Research & Development,No,1,2,2,1,Stayed
270,190,0.6779,1,Critical,86168,58411.0,Laboratory Technician,Research & Development,No,1,5,0,0,Left
271,399,0.6774,1,Critical,86168,58369.0,Sales Representative,Sales,No,1,2,2,1,Stayed
272,738,0.6773,1,Critical,86168,58364.0,Sales Representative,Sales,No,1,2,2,1,Stayed
273,1036,0.6758,1,Critical,86168,58230.0,Sales Executive,Sales,Yes,2,1,0,0,Stayed
274,893,0.6748,1,Critical,86168,58146.0,Sales Representative,Sales,No,1,2,1,1,Stayed
275,216,0.6742,1,Critical,86168,58094.0,Sales Representative,Sales,No,1,4,1,1,Stayed
276,555,0.674,0,Critical,86168,58080.0,Sales Representative,Sales,No,1,2,1,1,Left
277,1100,0.6738,1,Critical,86168,58064.0,Sales Executive,Sales,Yes,3,8,4,0,Left
278,1733,0.6737,0,Critical,86168,58050.0,Sales Executive,Sales,Yes,2,2,2,3,Left
279,1950,0.6728,1,Critical,86168,57975.0,Sales Executive,Sales,No,3,14,2,0,Stayed
280,1131,0.6719,1,Critical,86168,57893.0,Research Scientist,Research & Development,Yes,1,2,2,0,Stayed
281,359,0.6716,0,Critical,86168,57874.0,Laboratory Technician,Research & Development,No,1,5,0,0,Stayed
282,585,0.6716,1,Critical,86168,57872.0,Sales Representative,Sales,No,1,3,1,0,Stayed
283,652,0.6708,1,Critical,86168,57805.0,Laboratory Technician,Research & Development,No,2,3,0,0,Stayed
284,1292,0.6694,0,Critical,86168,57678.0,Research Scientist,Research & Development,Yes,2,1,0,0,Stayed
285,799,0.6682,1,Critical,86168,57576.0,Manufacturing Director,Research & Development,Yes,2,5,1,2,Stayed
286,1997,0.6679,1,Critical,86168,57549.0,Manufacturing Director,Research & Development,No,2,8,7,1,Stayed
287,650,0.6673,0,Critical,86168,57500.0,Sales Executive,Sales,No,2,3,1,0,Left
288,1587,0.667,1,Critical,86168,57478.0,Healthcare Representative,Research & Development,Yes,2,5,0,0,Stayed
289,1967,0.6661,1,Critical,86168,57399.0,Sales Executive,Sales,Yes,2,10,0,0,Left
290,411,0.6648,1,Critical,86168,57287.0,Sales Representative,Sales,No,1,0,0,0,Stayed
291,565,0.6591,1,Critical,86168,56789.0,Research Scientist,Research & Development,No,1,2,1,0,Left
292,1113,0.659,1,Critical,86168,56781.0,Sales Executive,Sales,Yes,2,0,0,0,Left
293,355,0.6589,1,Critical,86168,56772.0,Laboratory Technician,Research & Development,No,1,5,1,0,Left
294,1856,0.658,1,Critical,86168,56694.0,Laboratory Technician,Research & Development,No,1,2,2,0,Stayed
295,1394,0.6572,1,Critical,86168,56632.0,Research Scientist,Research & Development,Yes,1,6,1,0,Stayed
296,1853,0.6564,1,Critical,86168,56564.0,Sales Executive,Sales,No,2,0,0,0,Stayed
297,1048,0.6551,1,Critical,86168,56450.0,Manager,Sales,Yes,3,6,0,1,Stayed
298,1850,0.6549,1,Critical,86168,56431.0,Laboratory Technician,Research & Development,Yes,1,5,0,0,Stayed
299,243,0.6545,1,Critical,86168,56398.0,Laboratory Technician,Research & Development,No,1,1,1,0,Left
300,1933,0.6542,1,Critical,86168,56370.0,Sales Executive,Sales,Yes,2,2,2,0,Left
301,5,0.6538,0,Critical,86168,56340.0,Research Scientist,Research & Development,Yes,1,8,3,0,Stayed
302,91,0.6537,1,Critical,86168,56329.0,Sales Executive,Sales,No,2,4,1,0,Stayed
303,656,0.6536,1,Critical,86168,56319.0,Sales Executive,Sales,Yes,2,3,1,1,Stayed
304,1551,0.6529,1,Critical,86168,56261.0,Laboratory Technician,Research & Development,No,1,1,0,3,Stayed
305,364,0.6529,1,Critical,86168,56256.0,Laboratory Technician,Research & Development,No,1,0,0,0,Left
306,62,0.6499,0,Critical,86168,56001.0,Sales Executive,Sales,Yes,2,9,0,0,Stayed
307,7,0.6495,1,Critical,86168,55962.0,Laboratory Technician,Research & Development,No,1,2,2,1,Stayed
308,120,0.6477,0,Critical,86168,55813.0,Sales Executive,Sales,Yes,2,10,1,0,Stayed
309,343,0.6476,1,Critical,86168,55805.0,Healthcare Representative,Research & Development,No,3,19,11,0,Stayed
310,426,0.6476,0,Critical,86168,55799.0,Research Scientist,Research & Development,Yes,1,2,2,1,Stayed
311,1612,0.6464,0,Critical,86168,55697.0,Sales Executive,Sales,No,2,10,4,1,Stayed
312,1576,0.6456,1,Critical,86168,55633.0,Research Scientist,Research & Development,No,1,8,7,1,Stayed
313,297,0.6455,1,Critical,86168,55622.0,Research Scientist,Research & Development,Yes,1,5,0,0,Left
314,1052,0.6447,1,Critical,86168,55549.0,Laboratory Technician,Research & Development,No,2,1,0,1,Left
315,282,0.6423,1,Critical,86168,55346.0,Healthcare Representative,Research & Development,Yes,2,1,0,0,Left
316,1762,0.6416,1,Critical,86168,55288.0,Research Scientist,Research & Development,No,1,1,0,1,Stayed
317,665,0.641,1,Critical,86168,55231.0,Human Resources,Human Resources,No,2,2,0,0,Stayed
318,1992,0.6401,0,Critical,86168,55160.0,Laboratory Technician,Research & Development,Yes,1,2,0,1,Stayed
319,492,0.6397,1,Critical,86168,55125.0,Sales Executive,Sales,Yes,2,6,1,2,Left
320,1371,0.6395,0,Critical,86168,55106.0,Sales Executive,Sales,No,2,6,0,0,Stayed
321,404,0.6393,0,Critical,86168,55085.0,Sales Executive,Sales,No,4,20,4,1,Stayed
322,1467,0.6389,0,Critical,86168,55055.0,Human Resources,Human Resources,No,1,2,2,0,Left
323,1405,0.6381,0,Critical,86168,54984.0,Research Scientist,Research & Development,Yes,1,8,7,0,Left
324,1195,0.637,0,Critical,86168,54890.0,Research Scientist,Research & Development,Yes,1,3,0,1,Stayed
325,1680,0.6368,0,Critical,86168,54872.0,Sales Representative,Sales,No,1,2,0,0,Stayed
326,644,0.6353,0,Critical,86168,54739.0,Manager,Human Resources,No,5,32,10,1,Stayed
327,1548,0.635,1,Critical,86168,54713.0,Sales Executive,Sales,No,2,8,7,0,Stayed
328,862,0.6344,0,Critical,86168,54664.0,Sales Executive,Sales,Yes,3,5,0,1,Stayed
329,1436,0.6337,1,Critical,86168,54602.0,Sales Executive,Sales,No,2,3,0,2,Stayed
330,941,0.6319,0,Critical,86168,54453.0,Sales Representative,Sales,No,1,7,5,0,Stayed
331,1987,0.6312,1,Critical,86168,54386.0,Human Resources,Human Resources,No,1,2,1,0,Stayed
332,240,0.6307,1,Critical,86168,54350.0,Sales Executive,Sales,Yes,2,5,0,1,Stayed
333,433,0.63,1,Critical,86168,54284.0,Research Scientist,Research & Development,No,2,8,7,0,Left
334,119,0.6294,1,Critical,86168,54237.0,Healthcare Representative,Research & Development,No,4,22,11,1,Stayed
335,1932,0.628,1,Critical,86168,54114.0,Research Scientist,Research & Development,Yes,2,15,6,0,Stayed
336,1509,0.6276,1,Critical,86168,54076.0,Laboratory Technician,Research & Development,No,2,3,1,1,Stayed
337,944,0.6246,0,Critical,86168,53816.0,Laboratory Technician,Research & Development,No,3,26,1,1,Stayed
338,2064,0.6239,1,Critical,86168,53759.0,Manufacturing Director,Research & Development,Yes,2,6,0,1,Stayed
339,1720,0.6229,0,Critical,86168,53672.0,Research Scientist,Research & Development,No,1,5,1,1,Stayed
340,169,0.6214,1,Critical,86168,53545.0,Laboratory Technician,Research & Development,No,1,2,2,1,Stayed
341,635,0.6212,1,Critical,86168,53524.0,Manufacturing Director,Research & Development,No,2,6,4,1,Stayed
342,1435,0.6196,1,Critical,86168,53387.0,Laboratory Technician,Research & Development,No,2,10,1,0,Stayed
343,328,0.6184,1,Critical,86168,53289.0,Laboratory Technician,Research & Development,No,1,9,1,0,Left
344,1275,0.6164,1,Critical,86168,53117.0,Research Scientist,Research & Development,Yes,1,8,2,0,Stayed
345,2009,0.6159,1,Critical,86168,53068.0,Healthcare Representative,Research & Development,Yes,2,9,8,1,Stayed
346,392,0.6148,1,Critical,86168,52976.0,Laboratory Technician,Research & Development,Yes,1,1,0,1,Left
347,1173,0.6148,1,Critical,86168,52975.0,Laboratory Technician,Research & Development,No,1,4,1,0,Stayed
348,1070,0.6129,0,Critical,86168,52816.0,Sales Executive,Sales,No,3,9,7,1,Stayed
349,201,0.6119,0,Critical,86168,52725.0,Laboratory Technician,Research & Development,No,1,1,0,0,Stayed
350,1148,0.6085,0,Critical,86168,52432.0,Laboratory Technician,Research & Development,No,2,1,0,0,Stayed
351,1797,0.6075,1,Critical,86168,52346.0,Sales Executive,Sales,Yes,2,10,7,0,Left
352,1533,0.607,1,Critical,86168,52302.0,Laboratory Technician,Research & Development,No,2,4,1,0,Stayed
353,1277,0.6065,1,Critical,86168,52259.0,Manager,Sales,Yes,5,24,1,0,Left
354,1542,0.6061,1,Critical,86168,52226.0,Laboratory Technician,Research & Development,No,1,1,0,1,Stayed
355,1203,0.606,1,Critical,86168,52221.0,Research Scientist,Research & Development,Yes,1,0,0,1,Left
356,321,0.6055,1,Critical,86168,52175.0,Human Resources,Human Resources,No,1,2,2,0,Stayed
357,1787,0.6037,1,Critical,86168,52019.0,Sales Executive,Sales,No,2,5,0,2,Stayed
358,88,0.6024,1,Critical,86168,51907.0,Research Scientist,Research & Development,No,1,3,1,1,Stayed
359,1106,0.6016,1,Critical,86168,51837.0,Laboratory Technician,Research & Development,Yes,1,7,5,1,Left
360,889,0.6013,0,Critical,86168,51811.0,Sales Executive,Sales,No,2,10,5,1,Stayed
361,744,0.598,1,High,86168,51524.0,Laboratory Technician,Research & Development,No,1,5,1,0,Stayed
362,903,0.5972,0,High,86168,51458.0,Sales Executive,Sales,Yes,2,7,7,1,Stayed
363,1815,0.597,1,High,86168,51444.0,Sales Executive,Sales,Yes,3,22,13,1,Stayed
364,61,0.5967,1,High,86168,51417.0,Research Scientist,Research & Development,No,1,1,0,0,Stayed
365,1014,0.5962,0,High,86168,51370.0,Healthcare Representative,Research & Development,Yes,3,16,10,1,Stayed
366,1269,0.5962,0,High,86168,51370.0,Research Scientist,Research & Development,Yes,1,1,0,0,Stayed
367,1766,0.5958,0,High,86168,51343.0,Healthcare Representative,Research & Development,Yes,2,1,1,1,Stayed
368,1640,0.5955,0,High,86168,51316.0,Research Scientist,Research & Development,No,1,8,7,1,Stayed
369,193,0.5953,0,High,86168,51300.0,Research Scientist,Research & Development,Yes,2,3,2,0,Stayed
370,1171,0.5952,1,High,86168,51285.0,Sales Executive,Sales,No,2,6,1,0,Stayed
371,1604,0.5945,0,High,86168,51225.0,Laboratory Technician,Research & Development,Yes,1,1,0,3,Left
372,1691,0.5936,1,High,86168,51150.0,Sales Representative,Sales,Yes,1,9,7,2,Left
373,1564,0.5914,1,High,86168,50960.0,Laboratory Technician,Research & Development,No,1,3,1,0,Stayed
374,763,0.5913,1,High,86168,50952.0,Research Scientist,Research & Development,Yes,1,4,2,0,Stayed
375,124,0.5911,0,High,86168,50935.0,Healthcare Representative,Research & Development,Yes,3,10,9,1,Stayed
376,1657,0.5908,0,High,86168,50909.0,Sales Representative,Sales,No,1,2,2,0,Stayed
377,1448,0.5901,0,High,86168,50844.0,Research Scientist,Research & Development,Yes,1,4,0,0,Stayed
378,864,0.5898,0,High,86168,50824.0,Sales Executive,Sales,Yes,3,5,0,1,Stayed
379,686,0.5891,0,High,86168,50763.0,Laboratory Technician,Research & Development,Yes,1,3,0,1,Stayed
380,517,0.5885,0,High,86168,50709.0,Laboratory Technician,Research & Development,No,1,5,1,1,Stayed
381,267,0.5877,0,High,86168,50640.0,Research Scientist,Research & Development,Yes,1,8,1,1,Stayed
382,513,0.586,0,High,86168,50494.0,Sales Executive,Sales,No,3,10,9,2,Stayed
383,1563,0.5857,1,High,86168,50471.0,Human Resources,Human Resources,No,2,6,1,0,Stayed
384,1503,0.5847,0,High,86168,50379.0,Sales Executive,Sales,Yes,2,5,1,1,Stayed
385,1633,0.5844,1,High,86168,50359.0,Manufacturing Director,Research & Development,No,2,9,3,0,Stayed
386,1164,0.584,1,High,86168,50320.0,Human Resources,Human Resources,No,1,5,1,0,Stayed
387,316,0.5835,1,High,86168,50283.0,Laboratory Technician,Research & Development,No,1,2,2,0,Stayed
388,494,0.5815,1,High,86168,50109.0,Sales Representative,Sales,No,1,1,0,0,Left
389,10,0.581,0,High,86168,50061.0,Laboratory Technician,Research & Development,Yes,1,1,0,3,Stayed
390,940,0.58,1,High,86168,49975.0,Healthcare Representative,Research & Development,Yes,3,6,0,1,Stayed
391,1172,0.5793,0,High,86168,49920.0,Laboratory Technician,Research & Development,No,1,8,1,1,Stayed
392,104,0.5786,1,High,86168,49859.0,Laboratory Technician,Research & Development,Yes,2,10,3,2,Stayed
393,286,0.5771,0,High,86168,49732.0,Laboratory Technician,Research & Development,No,1,8,1,0,Stayed
394,998,0.5756,1,High,86168,49598.0,Healthcare Representative,Research & Development,Yes,2,6,1,1,Stayed
395,405,0.5754,0,High,86168,49577.0,Laboratory Technician,Research & Development,No,1,0,0,0,Left
396,511,0.5741,0,High,86168,49467.0,Research Scientist,Research & Development,No,1,2,1,1,Stayed
397,920,0.5736,1,High,86168,49425.0,Manufacturing Director,Research & Development,No,2,1,0,1,Stayed
398,530,0.5734,0,High,86168,49406.0,Laboratory Technician,Research & Development,No,1,4,3,1,Stayed
399,1586,0.5719,0,High,86168,49276.0,Laboratory Technician,Research & Development,Yes,1,10,1,0,Stayed
400,1890,0.5706,1,High,86168,49171.0,Human Resources,Human Resources,No,2,10,0,0,Stayed
401,808,0.5703,0,High,86168,49142.0,Sales Executive,Sales,No,2,3,1,1,Stayed
402,533,0.5697,0,High,86168,49088.0,Sales Executive,Sales,No,2,5,4,0,Stayed
403,1792,0.5696,0,High,86168,49080.0,Research Scientist,Research & Development,Yes,1,5,2,3,Left
404,493,0.5695,0,High,86168,49071.0,Research Scientist,Research & Development,Yes,1,2,2,0,Stayed
405,1724,0.5685,1,High,86168,48990.0,Manufacturing Director,Research & Development,Yes,2,1,0,1,Stayed
406,525,0.567,1,High,86168,48859.0,Laboratory Technician,Research & Development,No,1,3,1,1,Stayed
407,78,0.5669,1,High,86168,48845.0,Manufacturing Director,Research & Development,Yes,2,9,7,1,Stayed
408,874,0.5649,1,High,86168,48677.0,Laboratory Technician,Research & Development,Yes,1,3,0,1,Stayed
409,1362,0.5639,1,High,86168,48592.0,Sales Executive,Sales,No,2,15,6,1,Stayed
410,488,0.5633,1,High,86168,48536.0,Sales Executive,Sales,No,2,8,7,0,Left
411,1613,0.5632,0,High,86168,48534.0,Sales Executive,Sales,No,2,5,0,0,Stayed
412,1667,0.5632,1,High,86168,48526.0,Sales Executive,Sales,Yes,2,11,6,0,Left
413,431,0.5625,0,High,86168,48471.0,Healthcare Representative,Research & Development,Yes,4,7,0,0,Stayed
414,1943,0.5617,0,High,86168,48402.0,Sales Executive,Sales,Yes,2,0,0,2,Stayed
415,1098,0.5605,1,High,86168,48297.0,Human Resources,Human Resources,No,3,20,3,1,Left
416,802,0.5599,0,High,86168,48244.0,Research Scientist,Research & Development,Yes,1,5,4,2,Stayed
417,1577,0.557,0,High,86168,47995.0,Research Scientist,Research & Development,No,1,1,0,0,Stayed
418,811,0.5566,0,High,86168,47962.0,Laboratory Technician,Research & Development,Yes,1,0,0,2,Left
419,1251,0.5554,0,High,86168,47861.0,Healthcare Representative,Research & Development,Yes,2,6,0,0,Stayed
420,645,0.5542,0,High,86168,47758.0,Sales Representative,Sales,No,1,7,0,0,Stayed
421,2056,0.554,1,High,86168,47739.0,Sales Executive,Sales,No,4,20,9,1,Stayed
422,1438,0.5537,0,High,86168,47711.0,Research Scientist,Research & Development,No,1,6,1,1,Stayed
423,444,0.5536,0,High,86168,47705.0,Manager,Research & Development,No,5,21,13,1,Stayed
424,1150,0.553,0,High,86168,47654.0,Manufacturing Director,Research & Development,Yes,2,10,1,1,Stayed
425,1936,0.5528,1,High,86168,47637.0,Manufacturing Director,Research & Development,No,2,10,7,1,Stayed
426,423,0.5509,0,High,86168,47467.0,Research Scientist,Research & Development,Yes,1,5,0,1,Stayed
427,662,0.5488,0,High,86168,47288.0,Research Scientist,Research & Development,No,1,0,0,0,Stayed
428,449,0.5484,0,High,86168,47253.0,Sales Executive,Sales,Yes,2,5,1,1,Stayed
429,437,0.5483,0,High,86168,47244.0,Sales Executive,Sales,Yes,2,5,0,0,Stayed
430,1433,0.5477,0,High,86168,47198.0,Research Scientist,Research & Development,No,1,1,0,0,Left
431,1537,0.5477,0,High,86168,47196.0,Research Scientist,Research & Development,No,1,7,7,0,Left
432,79,0.5477,0,High,86168,47190.0,Laboratory Technician,Research & Development,No,2,10,9,0,Stayed
433,1333,0.5452,0,High,86168,46981.0,Laboratory Technician,Research & Development,No,1,3,1,0,Left
434,2012,0.5419,0,High,86168,46698.0,Laboratory Technician,Research & Development,No,1,1,0,2,Stayed
435,1049,0.5416,0,High,86168,46668.0,Human Resources,Human Resources,No,1,6,0,0,Stayed
436,1639,0.5409,0,High,86168,46607.0,Sales Executive,Sales,No,3,13,6,0,Left
437,805,0.54,0,High,86168,46535.0,Sales Representative,Sales,No,1,3,0,1,Stayed
438,1507,0.5398,0,High,86168,46510.0,Sales Executive,Sales,No,2,4,1,0,Stayed
439,1447,0.5397,0,High,86168,46508.0,Laboratory Technician,Research & Development,No,1,5,0,1,Stayed
440,587,0.5393,0,High,86168,46466.0,Healthcare Representative,Research & Development,No,3,1,0,0,Left
441,1492,0.5387,0,High,86168,46421.0,Sales Representative,Sales,No,1,1,0,1,Stayed
442,453,0.5383,0,High,86168,46388.0,Sales Executive,Sales,Yes,2,4,0,3,Stayed
443,600,0.5363,0,High,86168,46214.0,Sales Executive,Sales,No,2,11,6,0,Stayed
444,1136,0.5349,0,High,86168,46087.0,Research Scientist,Research & Development,No,1,5,0,0,Stayed
445,922,0.5343,0,High,86168,46038.0,Sales Representative,Sales,No,1,2,0,0,Left
446,1818,0.5335,0,High,86168,45966.0,Human Resources,Human Resources,Yes,1,5,1,0,Left
447,1647,0.5317,0,High,86168,45814.0,Research Scientist,Research & Development,No,1,3,0,0,Stayed
448,1003,0.5307,0,High,86168,45726.0,Sales Executive,Sales,Yes,2,9,0,0,Stayed
449,284,0.5284,0,High,86168,45532.0,Research Scientist,Research & Development,Yes,1,4,2,1,Stayed
450,1833,0.5281,0,High,86168,45503.0,Sales Executive,Sales,No,3,3,2,2,Stayed
451,1291,0.5279,0,High,86168,45490.0,Research Scientist,Research & Development,Yes,1,3,2,0,Stayed
452,1779,0.5276,0,High,86168,45459.0,Sales Executive,Sales,No,2,2,2,0,Stayed
453,848,0.5274,0,High,86168,45446.0,Research Scientist,Research & Development,Yes,1,8,1,1,Left
454,1710,0.5245,0,High,86168,45198.0,Sales Representative,Sales,No,2,13,6,0,Stayed
455,1740,0.5235,0,High,86168,45110.0,Manager,Sales,No,5,21,12,0,Stayed
456,155,0.5235,0,High,86168,45107.0,Laboratory Technician,Research & Development,No,1,1,0,1,Stayed
457,49,0.522,0,High,86168,44977.0,Sales Representative,Sales,No,1,2,2,0,Stayed
458,41,0.5207,0,High,86168,44865.0,Laboratory Technician,Research & Development,No,1,10,1,0,Stayed
459,128,0.5185,0,High,86168,44678.0,Sales Executive,Sales,No,2,3,0,1,Stayed
460,1030,0.5178,0,High,86168,44620.0,Laboratory Technician,Research & Development,No,1,1,0,0,Stayed
461,729,0.5168,0,High,86168,44532.0,Sales Executive,Sales,Yes,3,18,1,1,Stayed
462,604,0.5167,0,High,86168,44524.0,Sales Executive,Sales,Yes,2,6,0,0,Stayed
463,1434,0.5166,0,High,86168,44512.0,Laboratory Technician,Research & Development,No,1,5,1,0,Stayed
464,1599,0.5165,0,High,86168,44508.0,Laboratory Technician,Research & Development,No,1,6,0,1,Stayed
465,538,0.5164,0,High,86168,44500.0,Laboratory Technician,Research & Development,No,1,2,0,1,Left
466,1714,0.5144,0,High,86168,44327.0,Human Resources,Human Resources,No,1,1,0,1,Left
467,951,0.5141,0,High,86168,44303.0,Laboratory Technician,Research & Development,No,1,3,0,0,Stayed
468,463,0.5092,0,High,86168,43880.0,Sales Executive,Sales,Yes,2,7,1,2,Stayed
469,1387,0.509,0,High,86168,43862.0,Sales Executive,Sales,No,2,5,0,1,Stayed
470,700,0.5074,0,High,86168,43725.0,Research Scientist,Research & Development,No,1,4,1,0,Stayed
471,584,0.5067,0,High,86168,43664.0,Laboratory Technician,Research & Development,No,1,4,1,3,Left
472,829,0.5064,0,High,86168,43637.0,Human Resources,Human Resources,No,1,5,0,1,Stayed
473,510,0.5053,0,High,86168,43544.0,Research Scientist,Research & Development,No,1,6,0,0,Left
474,934,0.5036,0,High,86168,43396.0,Laboratory Technician,Research & Development,No,1,1,1,2,Stayed
475,24,0.5031,0,High,86168,43355.0,Research Scientist,Research & Development,Yes,1,3,1,0,Stayed
476,1731,0.5019,0,High,86168,43249.0,Sales Executive,Sales,No,2,1,0,1,Stayed
477,1480,0.5009,0,High,86168,43162.0,Laboratory Technician,Research & Development,No,1,12,5,0,Stayed
478,403,0.4993,0,High,86168,43026.0,Research Scientist,Research & Development,Yes,1,4,1,3,Stayed
479,916,0.4991,0,High,86168,43010.0,Sales Executive,Sales,No,2,4,0,0,Stayed
480,389,0.4986,0,High,86168,42963.0,Laboratory Technician,Research & Development,Yes,2,10,0,1,Stayed
481,1937,0.4977,0,High,86168,42883.0,Research Scientist,Research & Development,Yes,2,20,0,1,Stayed
482,21,0.4974,0,High,86168,42861.0,Research Scientist,Research & Development,Yes,1,6,0,2,Stayed
483,1568,0.4967,0,High,86168,42796.0,Sales Executive,Sales,No,3,4,1,1,Stayed
484,97,0.4949,0,High,86168,42641.0,Laboratory Technician,Research & Development,No,1,1,0,0,Stayed
485,1875,0.494,0,High,86168,42564.0,Sales Representative,Sales,No,1,1,0,1,Stayed
486,758,0.4918,0,High,86168,42374.0,Laboratory Technician,Research & Development,No,1,4,0,1,Stayed
487,856,0.4909,0,High,86168,42304.0,Research Scientist,Research & Development,No,1,6,1,0,Stayed
488,1549,0.4906,0,High,86168,42276.0,Laboratory Technician,Research & Development,Yes,2,15,5,1,Stayed
489,1011,0.4905,0,High,86168,42264.0,Manufacturing Director,Research & Development,No,2,4,0,1,Stayed
490,900,0.4894,0,High,86168,42173.0,Sales Representative,Sales,No,1,5,0,1,Stayed
491,591,0.4893,0,High,86168,42166.0,Laboratory Technician,Research & Development,No,1,2,2,1,Stayed
492,1974,0.4887,0,High,86168,42112.0,Laboratory Technician,Research & Development,Yes,1,1,0,3,Stayed
493,1185,0.4885,0,High,86168,42096.0,Laboratory Technician,Research & Development,No,1,2,2,1,Stayed
494,1377,0.4883,0,High,86168,42078.0,Laboratory Technician,Research & Development,No,2,8,7,2,Stayed
495,1407,0.4875,0,High,86168,42008.0,Research Scientist,Research & Development,No,1,4,1,0,Stayed
496,1037,0.4875,0,High,86168,42005.0,Sales Executive,Sales,No,2,2,2,0,Left
497,1784,0.4875,0,High,86168,42004.0,Sales Executive,Sales,No,2,12,5,2,Stayed
498,910,0.4869,0,High,86168,41957.0,Human Resources,Human Resources,Yes,1,4,0,1,Stayed
499,1092,0.4856,0,High,86168,41845.0,Healthcare Representative,Research & Development,No,3,11,11,1,Stayed
500,682,0.4854,0,High,86168,41823.0,Sales Executive,Sales,No,2,14,8,0,Stayed
501,1132,0.4844,0,High,86168,41738.0,Laboratory Technician,Research & Development,No,2,5,0,0,Stayed
502,1837,0.4834,0,High,86168,41651.0,Research Director,Research & Development,Yes,4,2,2,0,Stayed
503,484,0.4792,0,High,86168,41294.0,Sales Representative,Sales,No,1,3,2,0,Stayed
504,757,0.4781,0,High,86168,41197.0,Healthcare Representative,Research & Development,No,2,5,4,0,Stayed
505,1935,0.4779,0,High,86168,41178.0,Sales Executive,Sales,No,2,0,0,1,Stayed
506,1826,0.4774,0,High,86168,41134.0,Laboratory Technician,Research & Development,No,1,5,0,1,Stayed
507,2054,0.4754,0,High,86168,40964.0,Research Scientist,Research & Development,No,1,5,0,0,Stayed
508,899,0.474,0,High,86168,40842.0,Manufacturing Director,Research & Development,No,3,13,4,0,Stayed
509,680,0.4738,0,High,86168,40822.0,Research Scientist,Research & Development,No,1,1,0,1,Stayed
510,197,0.4734,0,High,86168,40796.0,Research Scientist,Research & Development,No,1,3,2,1,Stayed
511,1981,0.4726,0,High,86168,40725.0,Healthcare Representative,Research & Development,No,2,4,1,0,Stayed
512,1395,0.4719,0,High,86168,40661.0,Sales Executive,Sales,No,2,5,1,0,Stayed
513,1244,0.4713,0,High,86168,40609.0,Research Scientist,Research & Development,Yes,1,9,6,2,Stayed
514,1956,0.471,0,High,86168,40585.0,Research Scientist,Research & Development,No,2,10,8,0,Stayed
515,2060,0.4707,0,High,86168,40559.0,Sales Representative,Sales,No,1,4,0,0,Stayed
516,1870,0.4705,0,High,86168,40543.0,Research Scientist,Research & Development,No,1,7,7,1,Stayed
517,679,0.4684,0,High,86168,40360.0,Research Scientist,Research & Development,Yes,2,6,0,1,Stayed
518,1908,0.4665,0,High,86168,40193.0,Sales Executive,Sales,No,2,4,1,2,Stayed
519,2038,0.4651,0,High,86168,40075.0,Research Scientist,Research & Development,No,1,4,1,0,Stayed
520,667,0.465,0,High,86168,40064.0,Sales Representative,Sales,No,1,4,0,1,Left
521,1622,0.4624,0,High,86168,39841.0,Manufacturing Director,Research & Development,No,2,5,0,1,Stayed
522,70,0.4619,0,High,86168,39803.0,Healthcare Representative,Research & Development,Yes,3,4,2,1,Stayed
523,630,0.4615,0,High,86168,39765.0,Research Scientist,Research & Development,Yes,2,10,6,2,Stayed
524,1641,0.4587,0,High,86168,39528.0,Manufacturing Director,Research & Development,Yes,3,4,3,0,Stayed
525,2045,0.4562,0,High,86168,39314.0,Sales Executive,Sales,No,2,6,0,1,Stayed
526,1056,0.4556,0,High,86168,39257.0,Sales Representative,Sales,No,1,1,0,0,Stayed
527,699,0.4554,0,High,86168,39242.0,Manufacturing Director,Research & Development,Yes,2,3,0,1,Stayed
528,311,0.4541,0,High,86168,39131.0,Sales Representative,Sales,No,1,9,5,1,Stayed
529,894,0.4533,0,High,86168,39059.0,Laboratory Technician,Research & Development,Yes,2,5,1,1,Stayed
530,549,0.4521,0,High,86168,38953.0,Manager,Research & Development,No,5,29,11,0,Stayed
531,861,0.4519,0,High,86168,38941.0,Research Scientist,Research & Development,No,1,5,0,1,Stayed
532,347,0.4513,0,High,86168,38887.0,Research Scientist,Research & Development,Yes,2,3,0,0,Stayed
533,1044,0.4501,0,High,86168,38783.0,Sales Representative,Sales,No,1,2,2,0,Stayed
534,330,0.4481,0,High,86168,38616.0,Sales Representative,Sales,No,1,4,1,1,Stayed
535,446,0.4478,0,High,86168,38583.0,Sales Executive,Sales,No,2,7,0,0,Stayed
536,455,0.4467,0,High,86168,38488.0,Laboratory Technician,Research & Development,No,1,3,2,0,Stayed
537,198,0.4467,0,High,86168,38488.0,Laboratory Technician,Research & Development,No,1,5,1,0,Stayed
538,1506,0.4466,0,High,86168,38484.0,Research Scientist,Research & Development,No,1,1,0,1,Stayed
539,804,0.4454,0,High,86168,38376.0,Research Scientist,Research & Development,No,1,6,1,0,Stayed
540,1212,0.4428,0,High,86168,38159.0,Sales Executive,Sales,No,2,0,0,3,Stayed
541,176,0.4425,0,High,86168,38127.0,Sales Executive,Sales,Yes,3,9,0,1,Stayed
542,353,0.4411,0,High,86168,38011.0,Research Scientist,Research & Development,No,1,1,0,0,Stayed
543,1419,0.441,0,High,86168,37997.0,Human Resources,Human Resources,No,3,10,0,0,Stayed
544,1927,0.4407,0,High,86168,37975.0,Sales Executive,Sales,Yes,2,7,0,1,Stayed
545,760,0.4392,0,High,86168,37848.0,Human Resources,Human Resources,No,2,8,3,1,Stayed
546,1583,0.4392,0,High,86168,37845.0,Sales Executive,Sales,No,2,3,1,0,Stayed
547,277,0.4388,0,High,86168,37811.0,Research Scientist,Research & Development,Yes,1,5,2,1,Stayed
548,577,0.4383,0,High,86168,37763.0,Laboratory Technician,Research & Development,No,1,5,4,0,Stayed
549,305,0.4356,0,High,86168,37533.0,Research Scientist,Research & Development,No,1,3,1,0,Stayed
550,1411,0.4334,0,High,86168,37345.0,Laboratory Technician,Research & Development,No,1,3,0,0,Stayed
551,529,0.4333,0,High,86168,37340.0,Research Scientist,Research & Development,Yes,2,13,10,2,Stayed
552,1609,0.4328,0,High,86168,37289.0,Research Scientist,Research & Development,No,1,6,1,1,Stayed
553,1790,0.4318,0,High,86168,37206.0,Healthcare Representative,Research & Development,Yes,3,12,5,1,Stayed
554,2027,0.431,0,High,86168,37140.0,Research Scientist,Research & Development,Yes,1,2,2,3,Left
555,1534,0.43,0,High,86168,37055.0,Laboratory Technician,Research & Development,No,1,5,1,0,Left
556,1066,0.4298,0,High,86168,37039.0,Sales Executive,Sales,No,2,7,7,1,Stayed
557,1428,0.4297,0,High,86168,37025.0,Sales Executive,Sales,No,2,3,0,2,Stayed
558,905,0.4296,0,High,86168,37015.0,Manager,Research & Development,No,4,31,14,1,Stayed
559,1119,0.4283,0,High,86168,36908.0,Sales Executive,Sales,Yes,3,8,2,2,Stayed
560,618,0.4283,0,High,86168,36907.0,Sales Executive,Sales,No,2,0,0,2,Stayed
561,834,0.4282,0,High,86168,36894.0,Research Scientist,Research & Development,No,1,1,0,0,Stayed
562,1912,0.4281,0,High,86168,36888.0,Sales Executive,Sales,Yes,2,5,1,1,Stayed
563,416,0.428,0,High,86168,36881.0,Sales Executive,Sales,No,2,8,7,1,Stayed
564,977,0.4275,0,High,86168,36838.0,Research Scientist,Research & Development,No,1,1,0,0,Left
565,1931,0.4271,0,High,86168,36806.0,Research Scientist,Research & Development,No,1,5,1,1,Stayed
566,1160,0.4271,0,High,86168,36799.0,Laboratory Technician,Research & Development,No,1,2,2,1,Left
567,1883,0.4265,0,High,86168,36754.0,Laboratory Technician,Research & Development,No,1,3,1,0,Stayed
568,1865,0.4256,0,High,86168,36673.0,Human Resources,Human Resources,No,1,1,0,0,Stayed
569,1373,0.4256,0,High,86168,36669.0,Manufacturing Director,Research & Development,Yes,4,19,15,1,Stayed
570,448,0.4248,0,High,86168,36602.0,Laboratory Technician,Research & Development,No,2,9,0,1,Stayed
571,764,0.4246,0,High,86168,36584.0,Healthcare Representative,Research & Development,No,2,7,0,0,Stayed
572,39,0.4242,0,High,86168,36555.0,Laboratory Technician,Research & Development,No,1,1,0,0,Stayed
573,649,0.4241,0,High,86168,36543.0,Research Scientist,Research & Development,Yes,1,6,1,1,Stayed
574,887,0.4241,0,High,86168,36543.0,Research Scientist,Research & Development,No,1,4,0,1,Stayed
575,643,0.4241,0,High,86168,36541.0,Laboratory Technician,Research & Development,No,1,1,0,1,Stayed
576,1465,0.4237,0,High,86168,36505.0,Manufacturing Director,Research & Development,Yes,3,3,1,2,Stayed
577,85,0.4236,0,High,86168,36496.0,Manufacturing Director,Research & Development,No,2,6,0,0,Stayed
578,1749,0.4233,0,High,86168,36473.0,Sales Executive,Sales,No,2,5,0,1,Stayed
579,1138,0.4227,0,High,86168,36425.0,Sales Executive,Sales,No,4,9,2,1,Stayed
580,878,0.4226,0,High,86168,36418.0,Human Resources,Human Resources,No,1,5,0,0,Stayed
581,982,0.4215,0,High,86168,36320.0,Sales Executive,Sales,No,3,8,7,1,Stayed
582,1924,0.4204,0,High,86168,36229.0,Sales Executive,Sales,No,2,10,0,0,Stayed
583,743,0.4203,0,High,86168,36213.0,Manufacturing Director,Research & Development,Yes,3,1,0,0,Stayed
584,975,0.4188,0,High,86168,36088.0,Sales Executive,Sales,No,2,5,1,0,Stayed
585,1996,0.4188,0,High,86168,36085.0,Sales Representative,Sales,No,1,2,1,1,Stayed
586,1700,0.418,0,High,86168,36014.0,Sales Executive,Sales,No,2,6,1,2,Stayed
587,100,0.4173,0,High,86168,35955.0,Sales Executive,Sales,No,2,15,2,0,Stayed
588,2032,0.417,0,High,86168,35933.0,Laboratory Technician,Research & Development,No,1,10,9,1,Left
589,1952,0.4165,0,High,86168,35892.0,Laboratory Technician,Research & Development,No,1,7,7,0,Stayed
590,1945,0.415,0,High,86168,35757.0,Sales Executive,Sales,No,2,5,0,1,Stayed
591,224,0.4145,0,High,86168,35719.0,Research Scientist,Research & Development,Yes,1,1,0,1,Stayed
592,1753,0.4139,0,High,86168,35664.0,Healthcare Representative,Research & Development,Yes,2,3,0,0,Stayed
593,1659,0.4135,0,High,86168,35634.0,Laboratory Technician,Research & Development,No,1,4,1,0,Stayed
594,1179,0.4134,0,High,86168,35618.0,Sales Executive,Sales,No,2,10,1,1,Stayed
595,701,0.4128,0,High,86168,35570.0,Research Scientist,Research & Development,Yes,1,1,1,0,Left
596,16,0.4118,0,High,86168,35480.0,Research Scientist,Research & Development,No,1,5,4,1,Stayed
597,1786,0.41,0,High,86168,35329.0,Manager,Research & Development,No,3,2,2,0,Stayed
598,1648,0.4091,0,High,86168,35248.0,Research Scientist,Research & Development,No,1,4,1,0,Stayed
599,1219,0.4074,0,High,86168,35104.0,Laboratory Technician,Research & Development,No,1,1,0,1,Left
600,616,0.4065,0,High,86168,35025.0,Healthcare Representative,Research & Development,Yes,2,8,0,0,Stayed
601,2040,0.4061,0,High,86168,34991.0,Human Resources,Human Resources,Yes,3,9,1,0,Stayed
602,1709,0.4059,0,High,86168,34974.0,Laboratory Technician,Research & Development,No,1,5,1,1,Stayed
603,1501,0.4057,0,High,86168,34960.0,Healthcare Representative,Research & Development,Yes,2,3,1,0,Stayed
604,249,0.4054,0,High,86168,34929.0,Laboratory Technician,Research & Development,No,1,3,0,1,Stayed
605,833,0.4046,0,High,86168,34867.0,Manufacturing Director,Research & Development,Yes,2,0,0,0,Stayed
606,1907,0.4046,0,High,86168,34866.0,Laboratory Technician,Research & Development,No,1,4,1,0,Left
607,1754,0.4037,0,High,86168,34786.0,Sales Executive,Sales,No,3,7,1,1,Stayed
608,1477,0.4037,0,High,86168,34785.0,Sales Executive,Sales,No,2,4,0,2,Stayed
609,1220,0.4037,0,High,86168,34785.0,Sales Executive,Sales,No,2,10,0,1,Stayed
610,451,0.4035,0,High,86168,34771.0,Healthcare Representative,Research & Development,No,3,1,0,1,Stayed
611,1028,0.4028,0,High,86168,34707.0,Laboratory Technician,Research & Development,No,1,3,1,1,Stayed
612,956,0.4028,0,High,86168,34706.0,Sales Executive,Sales,No,2,7,0,0,Stayed
613,507,0.4024,0,High,86168,34675.0,Sales Executive,Sales,Yes,2,5,0,1,Stayed
614,766,0.4019,0,High,86168,34633.0,Sales Representative,Sales,No,1,2,2,2,Stayed
615,582,0.4006,0,High,86168,34523.0,Manager,Research & Development,Yes,3,7,7,0,Left
616,164,0.4001,0,High,86168,34476.0,Research Scientist,Research & Development,No,1,5,4,0,Stayed
617,1050,0.4001,0,High,86168,34476.0,Sales Executive,Sales,No,3,15,6,1,Stayed
618,1360,0.3983,0,Moderate,86168,34321.0,Manufacturing Director,Research & Development,Yes,3,10,5,0,Left
619,2068,0.3973,0,Moderate,86168,34230.0,Laboratory Technician,Research & Development,No,2,4,1,0,Stayed
620,1816,0.3968,0,Moderate,86168,34192.0,Manufacturing Director,Research & Development,No,3,7,0,0,Stayed
621,1310,0.3968,0,Moderate,86168,34188.0,Research Scientist,Research & Development,No,1,5,0,0,Left
622,657,0.3962,0,Moderate,86168,34141.0,Research Scientist,Research & Development,No,1,1,0,0,Stayed
623,22,0.3959,0,Moderate,86168,34116.0,Laboratory Technician,Research & Development,Yes,1,1,0,2,Stayed
624,31,0.3956,0,Moderate,86168,34090.0,Research Scientist,Research & Development,No,1,4,1,0,Left
625,1881,0.3954,0,Moderate,86168,34073.0,Laboratory Technician,Research & Development,No,2,10,0,1,Stayed
626,521,0.3951,0,Moderate,86168,34046.0,Laboratory Technician,Research & Development,No,2,1,0,1,Stayed
627,578,0.3949,0,Moderate,86168,34025.0,Laboratory Technician,Research & Development,No,2,1,0,0,Stayed
628,1226,0.3946,0,Moderate,86168,33998.0,Sales Representative,Sales,No,1,2,2,0,Stayed
629,474,0.3927,0,Moderate,86168,33838.0,Research Scientist,Research & Development,Yes,2,7,6,2,Stayed
630,712,0.3927,0,Moderate,86168,33834.0,Sales Executive,Sales,No,2,2,2,0,Stayed
631,1553,0.3899,0,Moderate,86168,33599.0,Healthcare Representative,Research & Development,No,3,10,7,3,Stayed
632,684,0.3895,0,Moderate,86168,33566.0,Sales Executive,Sales,No,2,1,0,2,Left
633,677,0.3895,0,Moderate,86168,33565.0,Sales Executive,Sales,No,2,5,1,0,Stayed
634,35,0.3888,0,Moderate,86168,33500.0,Sales Executive,Sales,No,2,9,4,1,Stayed
635,144,0.3884,0,Moderate,86168,33468.0,Laboratory Technician,Research & Development,No,1,0,0,0,Stayed
636,1813,0.3882,0,Moderate,86168,33448.0,Research Scientist,Research & Development,No,1,3,1,0,Stayed
637,690,0.3879,0,Moderate,86168,33428.0,Sales Executive,Sales,No,2,6,1,1,Stayed
638,547,0.3874,0,Moderate,86168,33386.0,Research Scientist,Research & Development,No,2,5,0,1,Stayed
639,926,0.3867,0,Moderate,86168,33323.0,Manufacturing Director,Research & Development,Yes,2,3,0,1,Left
640,121,0.3856,0,Moderate,86168,33229.0,Sales Executive,Sales,Yes,2,11,2,3,Stayed
641,721,0.3836,0,Moderate,86168,33054.0,Healthcare Representative,Research & Development,No,2,20,11,0,Stayed
642,1242,0.3836,0,Moderate,86168,33053.0,Research Director,Research & Development,Yes,3,1,0,0,Stayed
643,183,0.3835,0,Moderate,86168,33042.0,Sales Executive,Sales,No,2,2,2,0,Stayed
644,300,0.3833,0,Moderate,86168,33024.0,Research Scientist,Research & Development,No,1,6,1,0,Left
645,888,0.3826,0,Moderate,86168,32964.0,Laboratory Technician,Research & Development,No,1,5,3,0,Stayed
646,1399,0.3816,0,Moderate,86168,32882.0,Sales Executive,Sales,No,2,3,1,0,Stayed
647,141,0.3814,0,Moderate,86168,32868.0,Research Director,Research & Development,Yes,5,8,0,0,Stayed
648,1836,0.3804,0,Moderate,86168,32778.0,Sales Executive,Sales,No,2,5,1,0,Stayed
649,1948,0.3798,0,Moderate,86168,32726.0,Research Scientist,Research & Development,Yes,1,4,2,1,Stayed
650,842,0.3795,0,Moderate,86168,32703.0,Sales Executive,Sales,No,2,9,7,0,Left
651,731,0.3794,0,Moderate,86168,32691.0,Manager,Human Resources,No,5,21,12,3,Stayed
652,1683,0.3785,0,Moderate,86168,32614.0,Human Resources,Human Resources,Yes,1,2,2,3,Stayed
653,15,0.3782,0,Moderate,86168,32587.0,Laboratory Technician,Research & Development,Yes,2,9,0,0,Stayed
654,1392,0.3778,0,Moderate,86168,32555.0,Research Scientist,Research & Development,Yes,2,6,3,2,Stayed
655,827,0.3777,0,Moderate,86168,32544.0,Manufacturing Director,Research & Development,Yes,2,4,0,1,Stayed
656,1293,0.3765,0,Moderate,86168,32444.0,Sales Executive,Sales,No,3,21,15,0,Stayed
657,1692,0.3763,0,Moderate,86168,32422.0,Laboratory Technician,Research & Development,No,1,1,0,0,Left
658,241,0.375,0,Moderate,86168,32317.0,Research Scientist,Research & Development,Yes,1,2,2,1,Stayed
659,602,0.374,0,Moderate,86168,32223.0,Laboratory Technician,Research & Development,No,1,8,0,1,Stayed
660,749,0.3734,0,Moderate,86168,32174.0,Sales Representative,Sales,No,1,1,0,0,Stayed
661,1135,0.373,0,Moderate,86168,32141.0,Sales Representative,Sales,No,1,2,2,1,Stayed
662,1598,0.3715,0,Moderate,86168,32013.0,Sales Executive,Sales,No,2,5,1,1,Stayed
663,1440,0.3714,0,Moderate,86168,32005.0,Laboratory Technician,Research & Development,No,1,6,1,0,Stayed
664,536,0.3706,0,Moderate,86168,31931.0,Laboratory Technician,Research & Development,No,2,10,1,1,Stayed
665,967,0.3701,0,Moderate,86168,31887.0,Sales Executive,Sales,Yes,3,16,3,1,Left
666,1156,0.3697,0,Moderate,86168,31860.0,Laboratory Technician,Research & Development,No,1,0,0,0,Left
667,852,0.3687,0,Moderate,86168,31768.0,Healthcare Representative,Research & Development,No,2,5,2,0,Stayed
668,1929,0.3683,0,Moderate,86168,31736.0,Sales Executive,Sales,No,2,3,1,1,Stayed
669,1550,0.3673,0,Moderate,86168,31654.0,Manager,Human Resources,Yes,4,21,7,0,Stayed
670,1046,0.3672,0,Moderate,86168,31640.0,Laboratory Technician,Research & Development,No,1,8,7,0,Stayed
671,1260,0.3663,0,Moderate,86168,31562.0,Healthcare Representative,Research & Development,Yes,2,6,1,2,Stayed
672,586,0.3657,0,Moderate,86168,31512.0,Healthcare Representative,Research & Development,Yes,3,8,0,0,Stayed
673,1006,0.3654,0,Moderate,86168,31490.0,Research Scientist,Research & Development,No,1,2,0,1,Stayed
674,126,0.3629,0,Moderate,86168,31268.0,Research Director,Research & Development,No,3,4,0,1,Stayed
675,473,0.3627,0,Moderate,86168,31253.0,Manager,Sales,No,3,0,0,1,Stayed
676,366,0.3591,0,Moderate,86168,30944.0,Sales Executive,Sales,No,2,0,0,2,Stayed
677,518,0.3591,0,Moderate,86168,30943.0,Manufacturing Director,Research & Development,Yes,2,1,0,0,Stayed
678,1885,0.3576,0,Moderate,86168,30817.0,Research Scientist,Research & Development,Yes,2,5,0,1,Stayed
679,1922,0.3571,0,Moderate,86168,30767.0,Healthcare Representative,Research & Development,No,2,4,0,0,Stayed
680,1585,0.3565,0,Moderate,86168,30716.0,Sales Executive,Sales,No,2,1,0,0,Stayed
681,200,0.3564,0,Moderate,86168,30713.0,Laboratory Technician,Research & Development,No,1,5,1,1,Stayed
682,184,0.3559,0,Moderate,86168,30670.0,Human Resources,Human Resources,Yes,2,11,4,0,Stayed
683,422,0.3556,0,Moderate,86168,30638.0,Healthcare Representative,Research & Development,Yes,2,5,1,1,Stayed
684,580,0.3527,0,Moderate,86168,30390.0,Sales Executive,Sales,Yes,3,3,1,1,Stayed
685,573,0.3523,0,Moderate,86168,30360.0,Sales Executive,Sales,No,3,18,13,0,Stayed
686,1725,0.3489,0,Moderate,86168,30068.0,Laboratory Technician,Research & Development,No,1,6,1,3,Stayed
687,1681,0.3483,0,Moderate,86168,30009.0,Sales Executive,Sales,Yes,2,6,1,1,Stayed
688,53,0.3482,0,Moderate,86168,30004.0,Laboratory Technician,Research & Development,No,1,1,0,1,Stayed
689,2049,0.3456,0,Moderate,86168,29778.0,Healthcare Representative,Research & Development,Yes,2,10,0,2,Stayed
690,1562,0.3444,0,Moderate,86168,29674.0,Sales Executive,Sales,No,2,10,6,1,Left
691,526,0.343,0,Moderate,86168,29559.0,Healthcare Representative,Research & Development,Yes,2,5,0,0,Stayed
692,961,0.3411,0,Moderate,86168,29390.0,Healthcare Representative,Research & Development,Yes,2,9,8,2,Stayed
693,1560,0.3398,0,Moderate,86168,29276.0,Sales Executive,Sales,No,2,2,2,1,Stayed
694,1080,0.3397,0,Moderate,86168,29272.0,Research Scientist,Research & Development,Yes,2,16,1,3,Stayed
695,809,0.3395,0,Moderate,86168,29257.0,Manager,Research & Development,No,5,24,14,1,Stayed
696,291,0.3378,0,Moderate,86168,29111.0,Sales Executive,Sales,No,3,14,9,0,Left
697,60,0.3366,0,Moderate,86168,29005.0,Sales Executive,Sales,No,2,9,8,0,Stayed
698,1102,0.3348,0,Moderate,86168,28849.0,Laboratory Technician,Research & Development,No,1,4,2,1,Stayed
699,569,0.3339,0,Moderate,86168,28769.0,Manager,Research & Development,No,4,27,15,1,Stayed
700,134,0.3323,0,Moderate,86168,28636.0,Research Scientist,Research & Development,No,1,1,0,0,Stayed
701,131,0.3315,0,Moderate,86168,28564.0,Sales Executive,Sales,No,4,37,1,0,Stayed
702,1042,0.331,0,Moderate,86168,28521.0,Laboratory Technician,Research & Development,No,1,17,15,0,Left
703,481,0.3305,0,Moderate,86168,28478.0,Sales Executive,Sales,No,3,13,1,1,Stayed
704,150,0.3288,0,Moderate,86168,28334.0,Laboratory Technician,Research & Development,No,1,5,1,1,Stayed
705,174,0.3281,0,Moderate,86168,28268.0,Sales Executive,Sales,No,3,2,2,0,Stayed
706,1954,0.3274,0,Moderate,86168,28212.0,Healthcare Representative,Research & Development,No,2,5,0,1,Stayed
707,1361,0.3272,0,Moderate,86168,28195.0,Laboratory Technician,Research & Development,No,1,4,0,1,Stayed
708,1294,0.327,0,Moderate,86168,28176.0,Manufacturing Director,Research & Development,Yes,2,16,5,0,Stayed
709,691,0.3253,0,Moderate,86168,28032.0,Research Scientist,Research & Development,No,2,17,11,0,Stayed
710,1340,0.325,0,Moderate,86168,28007.0,Research Scientist,Research & Development,No,1,4,0,1,Stayed
711,592,0.3237,0,Moderate,86168,27892.0,Sales Executive,Sales,No,3,10,9,0,Stayed
712,523,0.3237,0,Moderate,86168,27892.0,Sales Executive,Sales,No,2,3,1,1,Stayed
713,207,0.3235,0,Moderate,86168,27879.0,Sales Executive,Sales,No,3,9,3,0,Stayed
714,1814,0.3233,0,Moderate,86168,27855.0,Healthcare Representative,Research & Development,No,2,3,1,0,Stayed
715,1722,0.3231,0,Moderate,86168,27840.0,Human Resources,Human Resources,No,2,3,1,1,Stayed
716,1706,0.322,0,Moderate,86168,27748.0,Sales Executive,Sales,Yes,2,10,8,1,Stayed
717,1581,0.3219,0,Moderate,86168,27737.0,Research Scientist,Research & Development,No,1,1,0,0,Stayed
718,1719,0.3207,0,Moderate,86168,27630.0,Research Director,Research & Development,No,4,21,8,0,Stayed
719,486,0.3206,0,Moderate,86168,27627.0,Laboratory Technician,Research & Development,No,1,5,0,1,Stayed
720,1736,0.3206,0,Moderate,86168,27622.0,Manufacturing Director,Research & Development,No,2,5,1,0,Stayed
721,1073,0.3203,0,Moderate,86168,27598.0,Manufacturing Director,Research & Development,No,3,14,7,0,Stayed
722,936,0.3198,0,Moderate,86168,27553.0,Sales Executive,Sales,No,2,5,0,0,Stayed
723,1349,0.3197,0,Moderate,86168,27545.0,Sales Executive,Sales,No,2,9,1,1,Stayed
724,462,0.3196,0,Moderate,86168,27541.0,Manufacturing Director,Research & Development,Yes,3,11,4,0,Stayed
725,620,0.3184,0,Moderate,86168,27440.0,Sales Executive,Sales,No,2,5,0,0,Stayed
726,1746,0.3184,0,Moderate,86168,27433.0,Human Resources,Human Resources,No,1,2,2,1,Stayed
727,1241,0.3182,0,Moderate,86168,27415.0,Research Scientist,Research & Development,Yes,1,11,5,1,Stayed
728,245,0.3174,0,Moderate,86168,27353.0,Laboratory Technician,Research & Development,No,1,2,2,0,Stayed
729,661,0.3173,0,Moderate,86168,27337.0,Research Director,Research & Development,Yes,4,1,0,1,Stayed
730,1103,0.3172,0,Moderate,86168,27329.0,Healthcare Representative,Research & Development,No,2,6,0,0,Stayed
731,374,0.3154,0,Moderate,86168,27178.0,Manager,Research & Development,Yes,5,36,4,0,Stayed
732,601,0.3151,0,Moderate,86168,27150.0,Manufacturing Director,Research & Development,No,4,20,5,0,Stayed
733,151,0.3129,0,Moderate,86168,26966.0,Research Scientist,Research & Development,No,2,1,0,1,Stayed
734,1807,0.3128,0,Moderate,86168,26954.0,Laboratory Technician,Research & Development,No,2,7,0,1,Left
735,1254,0.3111,0,Moderate,86168,26804.0,Sales Executive,Sales,No,2,6,0,0,Stayed
736,1352,0.3108,0,Moderate,86168,26783.0,Manager,Human Resources,Yes,4,33,0,1,Stayed
737,1369,0.3108,0,Moderate,86168,26777.0,Laboratory Technician,Research & Development,No,2,9,0,1,Stayed
738,95,0.3104,0,Moderate,86168,26743.0,Research Scientist,Research & Development,No,1,1,1,0,Stayed
739,1364,0.3093,0,Moderate,86168,26650.0,Sales Representative,Sales,No,1,1,0,1,Stayed
740,206,0.3086,0,Moderate,86168,26593.0,Laboratory Technician,Research & Development,No,2,17,0,1,Stayed
741,1739,0.3086,0,Moderate,86168,26589.0,Sales Executive,Sales,No,3,4,0,1,Stayed
742,223,0.3083,0,Moderate,86168,26561.0,Healthcare Representative,Research & Development,Yes,3,5,1,1,Stayed
743,497,0.3082,0,Moderate,86168,26558.0,Laboratory Technician,Research & Development,No,1,5,0,1,Stayed
744,231,0.3081,0,Moderate,86168,26552.0,Research Scientist,Research & Development,No,1,5,1,0,Stayed
745,58,0.3074,0,Moderate,86168,26484.0,Research Director,Research & Development,No,5,22,15,0,Left
746,1949,0.3067,0,Moderate,86168,26428.0,Laboratory Technician,Research & Development,No,1,5,0,0,Stayed
747,1554,0.3064,0,Moderate,86168,26398.0,Sales Representative,Sales,No,1,5,4,2,Stayed
748,1200,0.3061,0,Moderate,86168,26378.0,Research Scientist,Research & Development,Yes,1,6,0,0,Left
749,38,0.3056,0,Moderate,86168,26333.0,Manager,Sales,No,5,2,2,0,Stayed
750,1495,0.3043,0,Moderate,86168,26221.0,Sales Representative,Sales,No,1,1,0,1,Stayed
751,1162,0.304,0,Moderate,86168,26193.0,Research Scientist,Research & Development,No,1,4,2,1,Stayed
752,2046,0.3038,0,Moderate,86168,26178.0,Sales Executive,Sales,No,2,5,0,0,Stayed
753,825,0.3036,0,Moderate,86168,26158.0,Research Director,Research & Development,Yes,5,31,13,0,Left
754,800,0.3035,0,Moderate,86168,26156.0,Sales Executive,Sales,No,2,4,1,1,Stayed
755,244,0.3035,0,Moderate,86168,26151.0,Sales Executive,Sales,No,3,24,15,3,Stayed
756,1847,0.3022,0,Moderate,86168,26043.0,Research Scientist,Research & Development,Yes,2,1,0,1,Stayed
757,605,0.301,0,Moderate,86168,25938.0,Manufacturing Director,Research & Development,Yes,3,10,5,1,Stayed
758,595,0.301,0,Moderate,86168,25937.0,Sales Executive,Sales,No,2,9,6,1,Stayed
759,1257,0.2996,0,Moderate,86168,25812.0,Research Scientist,Research & Development,No,1,11,0,0,Stayed
760,314,0.2994,0,Moderate,86168,25796.0,Sales Executive,Sales,No,3,10,0,0,Stayed
761,966,0.2987,0,Moderate,86168,25742.0,Manufacturing Director,Research & Development,No,2,8,6,1,Stayed
762,957,0.298,0,Moderate,86168,25674.0,Laboratory Technician,Research & Development,Yes,1,18,2,0,Stayed
763,1673,0.2969,0,Moderate,86168,25580.0,Sales Executive,Sales,No,2,10,0,2,Stayed
764,838,0.2966,0,Moderate,86168,25554.0,Research Scientist,Research & Development,No,1,5,1,0,Stayed
765,340,0.2949,0,Moderate,86168,25407.0,Research Scientist,Research & Development,No,1,3,0,1,Stayed
766,230,0.2943,0,Moderate,86168,25356.0,Sales Executive,Sales,No,2,8,0,0,Stayed
767,1732,0.2942,0,Moderate,86168,25347.0,Sales Executive,Sales,Yes,3,10,0,1,Stayed
768,1193,0.2941,0,Moderate,86168,25340.0,Research Scientist,Research & Development,No,1,1,0,0,Stayed
769,828,0.2941,0,Moderate,86168,25339.0,Research Scientist,Research & Development,No,1,2,2,0,Left
770,623,0.2929,0,Moderate,86168,25236.0,Manufacturing Director,Research & Development,No,3,6,1,0,Stayed
771,1390,0.2928,0,Moderate,86168,25231.0,Sales Executive,Sales,Yes,2,5,1,2,Stayed
772,698,0.2928,0,Moderate,86168,25227.0,Human Resources,Human Resources,No,3,9,7,1,Stayed
773,1829,0.2926,0,Moderate,86168,25213.0,Healthcare Representative,Research & Development,No,2,7,7,1,Stayed
774,1617,0.2925,0,Moderate,86168,25207.0,Laboratory Technician,Research & Development,No,1,9,1,1,Stayed
775,780,0.2924,0,Moderate,86168,25197.0,Research Scientist,Research & Development,Yes,1,10,7,0,Left
776,1163,0.2909,0,Moderate,86168,25070.0,Sales Executive,Sales,No,2,6,1,0,Stayed
777,379,0.29,0,Moderate,86168,24990.0,Research Scientist,Research & Development,No,1,3,1,0,Stayed
778,496,0.289,0,Moderate,86168,24899.0,Healthcare Representative,Research & Development,No,2,1,0,0,Stayed
779,1034,0.2879,0,Moderate,86168,24804.0,Healthcare Representative,Research & Development,Yes,2,8,6,2,Stayed
780,1482,0.2878,0,Moderate,86168,24798.0,Research Scientist,Research & Development,No,1,1,0,2,Stayed
781,2044,0.2874,0,Moderate,86168,24764.0,Sales Executive,Sales,No,2,6,0,2,Left
782,933,0.2866,0,Moderate,86168,24692.0,Research Scientist,Research & Development,No,1,1,0,0,Stayed
783,747,0.2863,0,Moderate,86168,24668.0,Sales Executive,Sales,No,2,8,7,1,Stayed
784,969,0.2841,0,Moderate,86168,24483.0,Healthcare Representative,Research & Development,No,2,5,1,0,Stayed
785,632,0.2832,0,Moderate,86168,24400.0,Sales Representative,Sales,No,1,2,2,2,Stayed
786,1101,0.2831,0,Moderate,86168,24396.0,Research Scientist,Research & Development,No,2,13,3,0,Left
787,1356,0.2808,0,Moderate,86168,24192.0,Sales Executive,Sales,No,2,10,9,0,Stayed
788,1558,0.2798,0,Moderate,86168,24106.0,Research Scientist,Research & Development,No,1,1,0,2,Stayed
789,1708,0.2795,0,Moderate,86168,24086.0,Sales Executive,Sales,No,3,10,8,0,Stayed
790,1062,0.2786,0,Moderate,86168,24006.0,Healthcare Representative,Research & Development,No,2,4,0,0,Stayed
791,211,0.2779,0,Moderate,86168,23946.0,Manufacturing Director,Research & Development,No,2,1,0,0,Stayed
792,1794,0.2772,0,Moderate,86168,23886.0,Human Resources,Human Resources,No,2,10,4,0,Stayed
793,1744,0.2768,0,Moderate,86168,23851.0,Human Resources,Human Resources,No,3,5,0,2,Stayed
794,1324,0.2766,0,Moderate,86168,23830.0,Sales Executive,Sales,Yes,3,10,9,1,Stayed
795,1768,0.2758,0,Moderate,86168,23766.0,Laboratory Technician,Research & Development,No,1,5,0,3,Stayed
796,1453,0.2745,0,Moderate,86168,23651.0,Sales Executive,Sales,No,3,13,9,1,Stayed
797,1441,0.2736,0,Moderate,86168,23575.0,Research Scientist,Research & Development,No,1,3,1,1,Stayed
798,775,0.2732,0,Moderate,86168,23545.0,Manufacturing Director,Research & Development,No,2,0,0,1,Stayed
799,1068,0.2727,0,Moderate,86168,23501.0,Research Scientist,Research & Development,No,1,5,1,2,Stayed
800,1678,0.2712,0,Moderate,86168,23371.0,Sales Executive,Sales,Yes,3,2,0,0,Stayed
801,1303,0.2689,0,Moderate,86168,23170.0,Research Scientist,Research & Development,No,1,2,2,0,Stayed
802,705,0.2688,0,Moderate,86168,23163.0,Research Scientist,Research & Development,No,1,3,0,1,Stayed
803,1854,0.2676,0,Moderate,86168,23055.0,Research Scientist,Research & Development,No,1,6,3,2,Stayed
804,52,0.2672,0,Moderate,86168,23028.0,Sales Executive,Sales,No,2,5,1,2,Stayed
805,1233,0.2662,0,Moderate,86168,22936.0,Sales Executive,Sales,Yes,2,11,1,1,Stayed
806,1864,0.2661,0,Moderate,86168,22932.0,Sales Representative,Sales,No,2,9,5,1,Stayed
807,1314,0.2651,0,Moderate,86168,22846.0,Human Resources,Human Resources,No,1,7,5,0,Stayed
808,1882,0.2649,0,Moderate,86168,22829.0,Sales Executive,Sales,Yes,3,5,1,3,Stayed
809,813,0.2645,0,Moderate,86168,22789.0,Laboratory Technician,Research & Development,No,2,5,1,1,Stayed
810,1574,0.2631,0,Moderate,86168,22673.0,Research Scientist,Research & Development,No,2,6,1,1,Stayed
811,1140,0.263,0,Moderate,86168,22662.0,Manufacturing Director,Research & Development,No,2,3,0,0,Stayed
812,471,0.2627,0,Moderate,86168,22640.0,Laboratory Technician,Research & Development,No,1,8,0,1,Stayed
813,639,0.2617,0,Moderate,86168,22554.0,Research Scientist,Research & Development,Yes,1,6,1,2,Stayed
814,1118,0.2609,0,Moderate,86168,22478.0,Healthcare Representative,Research & Development,No,3,8,4,0,Stayed
815,179,0.2595,0,Moderate,86168,22359.0,Manufacturing Director,Research & Development,No,3,4,0,0,Left
816,1235,0.2583,0,Moderate,86168,22260.0,Research Scientist,Research & Development,Yes,2,8,0,0,Stayed
817,194,0.2577,0,Moderate,86168,22204.0,Research Scientist,Research & Development,No,1,5,0,0,Stayed
818,1126,0.2569,0,Moderate,86168,22139.0,Manufacturing Director,Research & Development,No,3,8,0,1,Stayed
819,859,0.2563,0,Moderate,86168,22087.0,Sales Executive,Sales,No,2,5,0,1,Stayed
820,1909,0.2558,0,Moderate,86168,22038.0,Sales Executive,Sales,No,2,5,1,1,Stayed
821,101,0.2552,0,Moderate,86168,21987.0,Research Director,Research & Development,Yes,3,0,0,0,Stayed
822,1022,0.2548,0,Moderate,86168,21957.0,Healthcare Representative,Research & Development,No,2,2,2,0,Stayed
823,335,0.254,0,Moderate,86168,21885.0,Research Scientist,Research & Development,No,2,9,4,2,Stayed
824,125,0.2539,0,Moderate,86168,21881.0,Sales Executive,Sales,No,2,11,5,0,Stayed
825,789,0.2535,0,Moderate,86168,21847.0,Sales Executive,Sales,No,3,10,0,0,Stayed
826,548,0.2527,0,Moderate,86168,21771.0,Manufacturing Director,Research & Development,No,2,5,0,0,Stayed
827,1081,0.2525,0,Moderate,86168,21758.0,Research Scientist,Research & Development,Yes,1,10,2,3,Left
828,1515,0.2523,0,Moderate,86168,21742.0,Healthcare Representative,Research & Development,Yes,2,0,0,0,Stayed
829,1285,0.2522,0,Moderate,86168,21734.0,Laboratory Technician,Research & Development,No,2,11,5,2,Stayed
830,675,0.2516,0,Moderate,86168,21684.0,Research Scientist,Research & Development,No,1,2,2,0,Stayed
831,1555,0.2515,0,Moderate,86168,21669.0,Research Scientist,Research & Development,No,2,7,2,1,Stayed
832,872,0.2514,0,Moderate,86168,21661.0,Manufacturing Director,Research & Development,No,2,2,2,2,Stayed
833,1321,0.2509,0,Moderate,86168,21617.0,Manager,Research & Development,Yes,3,9,0,2,Stayed
834,8,0.2497,0,Moderate,86168,21512.0,Laboratory Technician,Research & Development,No,1,7,3,0,Stayed
835,1114,0.2478,0,Moderate,86168,21350.0,Sales Executive,Sales,No,2,3,0,1,Stayed
836,1032,0.2476,0,Moderate,86168,21334.0,Manufacturing Director,Research & Development,Yes,4,5,4,0,Stayed
837,367,0.2475,0,Moderate,86168,21324.0,Healthcare Representative,Research & Development,No,2,9,7,1,Stayed
838,341,0.2468,0,Moderate,86168,21265.0,Manufacturing Director,Research & Development,No,2,3,0,1,Stayed
839,1580,0.2463,0,Moderate,86168,21223.0,Research Scientist,Research & Development,No,2,2,2,1,Stayed
840,793,0.2455,0,Moderate,86168,21152.0,Healthcare Representative,Research & Development,No,2,8,1,1,Stayed
841,1265,0.2441,0,Moderate,86168,21035.0,Research Scientist,Research & Development,No,1,1,0,0,Stayed
842,439,0.243,0,Moderate,86168,20940.0,Research Scientist,Research & Development,No,2,7,0,0,Stayed
843,902,0.243,0,Moderate,86168,20938.0,Healthcare Representative,Research & Development,No,2,5,2,1,Stayed
844,332,0.2423,0,Moderate,86168,20882.0,Laboratory Technician,Research & Development,No,1,3,1,3,Stayed
845,626,0.2421,0,Moderate,86168,20860.0,Sales Executive,Sales,No,3,9,7,1,Stayed
846,1061,0.242,0,Moderate,86168,20855.0,Research Director,Research & Development,Yes,5,8,7,1,Stayed
847,531,0.2418,0,Moderate,86168,20840.0,Manager,Research & Development,Yes,5,21,1,1,Stayed
848,1401,0.2416,0,Moderate,86168,20822.0,Manufacturing Director,Research & Development,Yes,4,5,0,1,Stayed
849,1367,0.2416,0,Moderate,86168,20821.0,Manufacturing Director,Research & Development,No,4,5,0,0,Stayed
850,1721,0.2407,0,Moderate,86168,20740.0,Laboratory Technician,Research & Development,No,1,5,0,1,Stayed
851,376,0.2401,0,Moderate,86168,20691.0,Manager,Research & Development,Yes,3,10,9,1,Left
852,1802,0.2394,0,Moderate,86168,20632.0,Laboratory Technician,Research & Development,No,1,4,0,1,Stayed
853,242,0.2391,0,Moderate,86168,20599.0,Research Scientist,Research & Development,No,1,3,0,0,Stayed
854,1962,0.2389,0,Moderate,86168,20584.0,Sales Executive,Sales,Yes,2,10,0,0,Stayed
855,499,0.2388,0,Moderate,86168,20573.0,Healthcare Representative,Research & Development,No,3,5,0,0,Stayed
856,312,0.2386,0,Moderate,86168,20557.0,Sales Executive,Sales,No,3,11,4,1,Stayed
857,1243,0.2381,0,Moderate,86168,20515.0,Sales Executive,Sales,Yes,3,13,4,1,Stayed
858,1002,0.2378,0,Moderate,86168,20488.0,Laboratory Technician,Research & Development,Yes,2,9,0,1,Stayed
859,81,0.2369,0,Moderate,86168,20416.0,Sales Executive,Sales,No,3,21,7,0,Stayed
860,132,0.2366,0,Moderate,86168,20388.0,Laboratory Technician,Research & Development,No,2,3,1,1,Stayed
861,1966,0.2361,0,Moderate,86168,20347.0,Manufacturing Director,Research & Development,No,2,1,0,0,Stayed
862,337,0.2355,0,Moderate,86168,20295.0,Research Director,Research & Development,No,3,2,2,1,Stayed
863,342,0.2353,0,Moderate,86168,20272.0,Manufacturing Director,Research & Development,No,3,1,0,2,Left
864,1207,0.2352,0,Moderate,86168,20264.0,Human Resources,Human Resources,No,1,5,1,1,Stayed
865,1994,0.2347,0,Moderate,86168,20224.0,Laboratory Technician,Research & Development,No,1,1,0,3,Stayed
866,57,0.2335,0,Moderate,86168,20124.0,Laboratory Technician,Research & Development,No,2,12,3,0,Stayed
867,1105,0.2326,0,Moderate,86168,20039.0,Sales Executive,Sales,Yes,2,1,0,3,Stayed
868,1060,0.2314,0,Moderate,86168,19942.0,Research Scientist,Research & Development,No,1,2,2,1,Stayed
869,1745,0.231,0,Moderate,86168,19905.0,Research Scientist,Research & Development,No,1,9,0,0,Stayed
870,2031,0.2306,0,Moderate,86168,19874.0,Manager,Research & Development,No,5,22,4,0,Stayed
871,1084,0.2296,0,Moderate,86168,19782.0,Manufacturing Director,Research & Development,No,2,6,0,1,Stayed
872,772,0.229,0,Moderate,86168,19731.0,Laboratory Technician,Research & Development,No,2,10,4,2,Stayed
873,1216,0.2289,0,Moderate,86168,19728.0,Laboratory Technician,Research & Development,No,1,6,3,3,Stayed
874,1473,0.2285,0,Moderate,86168,19686.0,Healthcare Representative,Research & Development,No,2,3,1,1,Stayed
875,221,0.2281,0,Moderate,86168,19657.0,Research Scientist,Research & Development,No,1,5,0,1,Stayed
876,1466,0.2271,0,Moderate,86168,19571.0,Sales Executive,Sales,No,2,2,2,3,Stayed
877,534,0.2267,0,Moderate,86168,19532.0,Sales Executive,Sales,No,3,10,0,1,Stayed
878,491,0.2264,0,Moderate,86168,19512.0,Healthcare Representative,Research & Development,No,3,4,1,0,Stayed
879,1445,0.2262,0,Moderate,86168,19493.0,Sales Executive,Sales,Yes,2,5,0,2,Stayed
880,1027,0.2248,0,Moderate,86168,19373.0,Manufacturing Director,Research & Development,No,2,3,2,1,Stayed
881,1860,0.2246,0,Moderate,86168,19352.0,Laboratory Technician,Research & Development,No,1,0,0,0,Stayed
882,74,0.2245,0,Moderate,86168,19347.0,Sales Executive,Sales,No,3,9,1,1,Stayed
883,1892,0.2244,0,Moderate,86168,19336.0,Manager,Research & Development,No,4,19,11,1,Stayed
884,912,0.2202,0,Moderate,86168,18976.0,Laboratory Technician,Research & Development,No,1,4,0,3,Stayed
885,868,0.2196,0,Moderate,86168,18921.0,Sales Executive,Sales,No,2,1,0,2,Stayed
886,14,0.2189,0,Moderate,86168,18865.0,Laboratory Technician,Research & Development,No,1,5,0,1,Stayed
887,1431,0.2189,0,Moderate,86168,18860.0,Research Scientist,Research & Development,No,1,4,1,2,Stayed
888,1190,0.2182,0,Moderate,86168,18802.0,Sales Representative,Sales,No,1,1,0,3,Stayed
889,981,0.2175,0,Moderate,86168,18738.0,Manager,Sales,No,4,17,15,1,Stayed
890,1109,0.2166,0,Moderate,86168,18666.0,Manager,Research & Development,No,4,22,13,1,Stayed
891,1782,0.2142,0,Moderate,86168,18453.0,Laboratory Technician,Research & Development,No,1,5,0,1,Stayed
892,784,0.2135,0,Moderate,86168,18399.0,Research Scientist,Research & Development,No,1,2,0,0,Stayed
893,613,0.2131,0,Moderate,86168,18362.0,Manager,Sales,No,3,5,0,1,Stayed
894,1654,0.213,0,Moderate,86168,18358.0,Manufacturing Director,Research & Development,No,2,5,1,0,Stayed
895,930,0.2129,0,Moderate,86168,18342.0,Research Scientist,Research & Development,No,1,2,2,1,Stayed
896,986,0.2119,0,Moderate,86168,18258.0,Sales Executive,Sales,Yes,4,1,0,0,Left
897,1513,0.2118,0,Moderate,86168,18247.0,Laboratory Technician,Research & Development,No,1,3,0,3,Stayed
898,302,0.2111,0,Moderate,86168,18191.0,Sales Executive,Sales,No,3,19,12,0,Stayed
899,1986,0.2108,0,Moderate,86168,18167.0,Sales Executive,Sales,No,2,11,5,1,Stayed
900,776,0.2108,0,Moderate,86168,18164.0,Manager,Sales,No,4,34,1,0,Stayed
901,202,0.2102,0,Moderate,86168,18114.0,Research Scientist,Research & Development,No,2,20,2,1,Stayed
902,1842,0.2089,0,Moderate,86168,18002.0,Human Resources,Human Resources,No,1,1,0,0,Left
903,987,0.208,0,Moderate,86168,17926.0,Manufacturing Director,Research & Development,Yes,2,19,2,0,Stayed
904,1591,0.2075,0,Moderate,86168,17877.0,Manager,Sales,Yes,5,1,0,1,Stayed
905,178,0.2068,0,Moderate,86168,17817.0,Manufacturing Director,Research & Development,No,2,3,0,2,Stayed
906,1461,0.2067,0,Moderate,86168,17815.0,Human Resources,Human Resources,No,1,3,0,0,Stayed
907,110,0.2057,0,Moderate,86168,17725.0,Manufacturing Director,Research & Development,No,2,5,1,0,Stayed
908,1471,0.2056,0,Moderate,86168,17716.0,Laboratory Technician,Research & Development,No,1,5,0,0,Stayed
909,1701,0.205,0,Moderate,86168,17666.0,Research Scientist,Research & Development,No,1,10,8,0,Stayed
910,339,0.2049,0,Moderate,86168,17658.0,Manufacturing Director,Research & Development,No,2,11,5,1,Stayed
911,215,0.2048,0,Moderate,86168,17648.0,Sales Executive,Sales,No,3,12,2,1,Stayed
912,1772,0.2044,0,Moderate,86168,17612.0,Laboratory Technician,Research & Development,No,1,5,0,2,Stayed
913,1849,0.2041,0,Moderate,86168,17586.0,Sales Executive,Sales,No,2,7,7,1,Stayed
914,1525,0.204,0,Moderate,86168,17580.0,Manufacturing Director,Research & Development,No,3,2,2,0,Stayed
915,754,0.2038,0,Moderate,86168,17561.0,Sales Executive,Sales,No,2,2,2,1,Stayed
916,40,0.2036,0,Moderate,86168,17543.0,Healthcare Representative,Research & Development,Yes,2,4,1,0,Stayed
917,228,0.2036,0,Moderate,86168,17540.0,Sales Executive,Sales,No,3,10,7,1,Stayed
918,1137,0.2035,0,Moderate,86168,17535.0,Sales Executive,Sales,No,2,5,0,1,Stayed
919,458,0.2034,0,Moderate,86168,17526.0,Sales Executive,Sales,No,2,8,0,1,Stayed
920,1557,0.2029,0,Moderate,86168,17480.0,Sales Executive,Sales,No,2,8,7,1,Stayed
921,11,0.2027,0,Moderate,86168,17465.0,Laboratory Technician,Research & Development,No,1,1,0,1,Stayed
922,895,0.2022,0,Moderate,86168,17425.0,Research Scientist,Research & Development,Yes,1,6,0,1,Stayed
923,1761,0.2022,0,Moderate,86168,17420.0,Sales Executive,Sales,No,3,1,0,3,Left
924,847,0.2017,0,Moderate,86168,17380.0,Human Resources,Human Resources,No,1,3,0,1,Stayed
925,1412,0.2016,0,Moderate,86168,17372.0,Manufacturing Director,Research & Development,No,3,2,2,0,Stayed
926,1475,0.2015,0,Moderate,86168,17362.0,Research Scientist,Research & Development,No,1,5,1,0,Stayed
927,515,0.2013,0,Moderate,86168,17345.0,Laboratory Technician,Research & Development,No,1,18,12,1,Stayed
928,995,0.2012,0,Moderate,86168,17337.0,Research Scientist,Research & Development,No,1,3,0,0,Stayed
929,105,0.2007,0,Moderate,86168,17292.0,Research Scientist,Research & Development,No,1,6,0,0,Stayed
930,571,0.2002,0,Moderate,86168,17248.0,Laboratory Technician,Research & Development,No,1,11,6,0,Stayed
931,1682,0.1998,0,Low,86168,17213.0,Healthcare Representative,Research & Development,No,2,3,0,2,Stayed
932,387,0.1986,0,Low,86168,17111.0,Sales Executive,Sales,No,2,20,11,0,Stayed
933,806,0.1963,0,Low,86168,16912.0,Laboratory Technician,Research & Development,No,1,2,0,2,Stayed
934,1873,0.1952,0,Low,86168,16823.0,Research Scientist,Research & Development,No,1,5,0,1,Stayed
935,1165,0.1948,0,Low,86168,16782.0,Sales Executive,Sales,No,3,11,3,1,Left
936,54,0.1932,0,Low,86168,16648.0,Laboratory Technician,Research & Development,No,1,1,0,1,Stayed
937,1718,0.193,0,Low,86168,16632.0,Laboratory Technician,Research & Development,No,1,3,0,3,Stayed
938,1076,0.193,0,Low,86168,16629.0,Sales Executive,Sales,No,3,1,0,1,Stayed
939,1127,0.1926,0,Low,86168,16592.0,Healthcare Representative,Research & Development,No,4,18,11,3,Left
940,1973,0.191,0,Low,86168,16459.0,Manager,Human Resources,Yes,5,10,1,1,Stayed
941,1240,0.1908,0,Low,86168,16440.0,Sales Executive,Sales,No,2,4,1,0,Stayed
942,18,0.19,0,Low,86168,16370.0,Laboratory Technician,Research & Development,No,1,2,1,1,Stayed
943,1460,0.1898,0,Low,86168,16355.0,Healthcare Representative,Research & Development,Yes,3,7,0,1,Stayed
944,430,0.1897,0,Low,86168,16349.0,Laboratory Technician,Research & Development,No,1,8,1,0,Stayed
945,129,0.1893,0,Low,86168,16310.0,Sales Executive,Sales,No,2,5,0,0,Stayed
946,408,0.1883,0,Low,86168,16224.0,Manufacturing Director,Research & Development,No,2,4,1,1,Stayed
947,1623,0.1874,0,Low,86168,16145.0,Research Scientist,Research & Development,No,1,2,2,0,Stayed
948,2065,0.1873,0,Low,86168,16138.0,Sales Executive,Sales,No,2,9,0,0,Stayed
949,1756,0.1871,0,Low,86168,16122.0,Sales Executive,Sales,No,2,11,1,0,Stayed
950,102,0.1869,0,Low,86168,16103.0,Research Director,Research & Development,No,3,5,0,0,Stayed
951,428,0.186,0,Low,86168,16025.0,Manager,Research & Development,No,3,10,8,2,Stayed
952,1552,0.1855,0,Low,86168,15986.0,Healthcare Representative,Research & Development,Yes,2,2,2,0,Stayed
953,1152,0.1852,0,Low,86168,15955.0,Human Resources,Human Resources,No,1,7,5,1,Stayed
954,1469,0.1846,0,Low,86168,15905.0,Sales Executive,Sales,No,2,5,1,0,Stayed
955,575,0.1841,0,Low,86168,15868.0,Research Director,Research & Development,No,4,3,0,0,Stayed
956,522,0.1837,0,Low,86168,15828.0,Research Director,Research & Development,No,5,4,1,1,Stayed
957,227,0.1831,0,Low,86168,15781.0,Research Scientist,Research & Development,No,1,9,1,1,Stayed
958,271,0.1828,0,Low,86168,15751.0,Manufacturing Director,Research & Development,No,2,1,0,0,Stayed
959,820,0.1826,0,Low,86168,15734.0,Manager,Research & Development,Yes,4,26,3,1,Stayed
960,1082,0.1815,0,Low,86168,15639.0,Healthcare Representative,Research & Development,No,3,10,1,0,Left
961,1729,0.1794,0,Low,86168,15458.0,Research Scientist,Research & Development,No,1,10,0,1,Stayed
962,199,0.1786,0,Low,86168,15393.0,Manager,Research & Development,No,4,7,7,1,Stayed
963,717,0.178,0,Low,86168,15341.0,Healthcare Representative,Research & Development,No,3,8,7,0,Stayed
964,1026,0.1779,0,Low,86168,15328.0,Manufacturing Director,Research & Development,No,4,21,11,1,Stayed
965,1355,0.177,0,Low,86168,15254.0,Sales Executive,Sales,No,2,7,1,1,Stayed
966,1012,0.176,0,Low,86168,15163.0,Research Scientist,Research & Development,No,1,0,0,0,Stayed
967,165,0.1758,0,Low,86168,15147.0,Healthcare Representative,Research & Development,No,3,40,15,1,Left
968,154,0.1753,0,Low,86168,15104.0,Sales Executive,Sales,No,3,9,2,1,Stayed
969,334,0.1745,0,Low,86168,15034.0,Research Scientist,Research & Development,No,2,1,0,2,Stayed
970,1308,0.1739,0,Low,86168,14987.0,Research Scientist,Research & Development,No,1,2,2,2,Stayed
971,857,0.1734,0,Low,86168,14938.0,Sales Executive,Sales,Yes,2,18,4,1,Stayed
972,611,0.1733,0,Low,86168,14933.0,Manufacturing Director,Research & Development,No,2,3,1,2,Stayed
973,1687,0.1732,0,Low,86168,14923.0,Laboratory Technician,Research & Development,No,1,0,0,1,Stayed
974,880,0.1723,0,Low,86168,14850.0,Manufacturing Director,Research & Development,Yes,3,17,5,1,Stayed
975,1389,0.172,0,Low,86168,14819.0,Manufacturing Director,Research & Development,Yes,2,10,6,2,Left
976,1592,0.1715,0,Low,86168,14778.0,Research Scientist,Research & Development,No,1,2,2,1,Stayed
977,543,0.1705,0,Low,86168,14693.0,Manufacturing Director,Research & Development,Yes,3,5,0,0,Stayed
978,812,0.1702,0,Low,86168,14667.0,Laboratory Technician,Research & Development,No,1,1,0,3,Stayed
979,1184,0.1691,0,Low,86168,14569.0,Healthcare Representative,Research & Development,No,2,13,4,0,Stayed
980,495,0.169,0,Low,86168,14560.0,Research Scientist,Research & Development,No,1,3,1,0,Stayed
981,1312,0.1688,0,Low,86168,14543.0,Healthcare Representative,Research & Development,No,3,7,1,0,Stayed
982,1430,0.1688,0,Low,86168,14543.0,Research Director,Research & Development,No,4,3,1,0,Stayed
983,615,0.1685,0,Low,86168,14522.0,Sales Executive,Sales,No,3,1,0,1,Stayed
984,1514,0.1684,0,Low,86168,14510.0,Manufacturing Director,Research & Development,No,2,8,1,2,Stayed
985,338,0.1682,0,Low,86168,14493.0,Research Scientist,Research & Development,No,1,2,0,1,Stayed
986,1221,0.1682,0,Low,86168,14491.0,Laboratory Technician,Research & Development,No,1,7,1,1,Stayed
987,1479,0.1681,0,Low,86168,14488.0,Sales Executive,Sales,No,2,2,2,2,Stayed
988,12,0.1679,0,Low,86168,14466.0,Manufacturing Director,Research & Development,No,3,9,1,0,Stayed
989,2048,0.1678,0,Low,86168,14459.0,Research Scientist,Research & Development,No,1,2,2,0,Stayed
990,1161,0.1646,0,Low,86168,14183.0,Healthcare Representative,Research & Development,No,2,6,1,2,Stayed
991,247,0.1637,0,Low,86168,14102.0,Research Scientist,Research & Development,No,1,3,1,0,Stayed
992,1839,0.162,0,Low,86168,13958.0,Research Scientist,Research & Development,No,1,0,0,0,Stayed
993,1798,0.1619,0,Low,86168,13950.0,Research Scientist,Research & Development,No,1,10,7,1,Stayed
994,1628,0.1616,0,Low,86168,13924.0,Manufacturing Director,Research & Development,No,3,18,14,2,Stayed
995,372,0.1615,0,Low,86168,13918.0,Healthcare Representative,Research & Development,Yes,4,20,4,0,Stayed
996,1601,0.1614,0,Low,86168,13910.0,Laboratory Technician,Research & Development,No,1,1,0,1,Stayed
997,1047,0.1612,0,Low,86168,13889.0,Sales Executive,Sales,No,2,15,0,1,Stayed
998,73,0.1592,0,Low,86168,13722.0,Research Director,Research & Development,Yes,3,15,8,0,Stayed
999,865,0.1589,0,Low,86168,13695.0,Research Scientist,Research & Development,No,2,5,1,1,Stayed
1000,897,0.1581,0,Low,86168,13624.0,Sales Executive,Sales,No,4,2,2,1,Stayed
1001,714,0.1575,0,Low,86168,13569.0,Sales Executive,Sales,Yes,2,6,0,2,Stayed
1002,1374,0.1571,0,Low,86168,13538.0,Research Scientist,Research & Development,No,1,5,0,3,Stayed
1003,1866,0.1553,0,Low,86168,13379.0,Manager,Research & Development,No,5,16,6,0,Stayed
1004,1499,0.155,0,Low,86168,13356.0,Human Resources,Human Resources,No,1,5,1,1,Stayed
1005,1588,0.155,0,Low,86168,13354.0,Sales Executive,Sales,No,3,7,7,1,Stayed
1006,516,0.1549,0,Low,86168,13345.0,Sales Executive,Sales,No,2,5,1,2,Stayed
1007,218,0.1541,0,Low,86168,13282.0,Research Scientist,Research & Development,No,1,2,2,1,Stayed
1008,836,0.1535,0,Low,86168,13223.0,Manufacturing Director,Research & Development,No,2,9,7,1,Stayed
1009,1737,0.1531,0,Low,86168,13189.0,Laboratory Technician,Research & Development,Yes,2,9,5,1,Stayed
1010,30,0.153,0,Low,86168,13186.0,Research Scientist,Research & Development,No,1,0,0,0,Stayed
1011,2,0.1524,0,Low,86168,13133.0,Research Scientist,Research & Development,No,2,10,1,1,Stayed
1012,1143,0.152,0,Low,86168,13101.0,Research Scientist,Research & Development,No,1,7,1,2,Stayed
1013,1417,0.1517,0,Low,86168,13076.0,Laboratory Technician,Research & Development,No,1,7,0,0,Stayed
1014,1457,0.1514,0,Low,86168,13048.0,Sales Executive,Sales,No,3,7,4,1,Left
1015,304,0.1514,0,Low,86168,13048.0,Laboratory Technician,Research & Development,No,2,13,3,0,Stayed
1016,407,0.1507,0,Low,86168,12988.0,Laboratory Technician,Research & Development,No,1,1,0,2,Stayed
1017,452,0.1505,0,Low,86168,12972.0,Research Scientist,Research & Development,No,2,10,9,2,Stayed
1018,1898,0.1502,0,Low,86168,12944.0,Sales Executive,Sales,No,2,8,0,0,Stayed
1019,716,0.15,0,Low,86168,12929.0,Laboratory Technician,Research & Development,Yes,1,20,3,3,Stayed
1020,1211,0.15,0,Low,86168,12926.0,Sales Executive,Sales,No,2,4,0,3,Stayed
1021,450,0.1497,0,Low,86168,12901.0,Research Scientist,Research & Development,No,2,4,0,0,Stayed
1022,855,0.1492,0,Low,86168,12853.0,Sales Executive,Sales,No,2,9,0,1,Stayed
1023,567,0.1488,0,Low,86168,12822.0,Sales Executive,Sales,No,3,9,7,0,Stayed
1024,1309,0.1482,0,Low,86168,12774.0,Laboratory Technician,Research & Development,No,2,10,1,1,Left
1025,949,0.1477,0,Low,86168,12727.0,Research Scientist,Research & Development,No,1,6,0,0,Stayed
1026,762,0.1464,0,Low,86168,12616.0,Healthcare Representative,Research & Development,No,4,10,1,0,Stayed
1027,882,0.1464,0,Low,86168,12614.0,Laboratory Technician,Research & Development,No,1,3,0,1,Stayed
1028,2024,0.1458,0,Low,86168,12562.0,Sales Executive,Sales,No,3,9,3,2,Stayed
1029,704,0.1457,0,Low,86168,12552.0,Laboratory Technician,Research & Development,No,1,1,0,2,Stayed
1030,378,0.1452,0,Low,86168,12514.0,Sales Executive,Sales,No,2,5,0,1,Stayed
1031,1755,0.1451,0,Low,86168,12506.0,Research Scientist,Research & Development,Yes,1,5,1,3,Stayed
1032,309,0.145,0,Low,86168,12496.0,Research Scientist,Research & Development,No,1,1,0,1,Stayed
1033,1703,0.1449,0,Low,86168,12486.0,Healthcare Representative,Research & Development,Yes,3,8,6,1,Stayed
1034,388,0.1447,0,Low,86168,12465.0,Sales Executive,Sales,No,2,10,0,0,Stayed
1035,1834,0.1436,0,Low,86168,12377.0,Research Scientist,Research & Development,No,1,3,1,1,Stayed
1036,56,0.1432,0,Low,86168,12335.0,Sales Executive,Sales,No,3,9,1,0,Stayed
1037,118,0.1427,0,Low,86168,12298.0,Sales Executive,Sales,No,3,9,4,0,Left
1038,204,0.1417,0,Low,86168,12213.0,Sales Executive,Sales,No,3,10,0,2,Stayed
1039,1252,0.1415,0,Low,86168,12193.0,Healthcare Representative,Research & Development,No,2,10,1,0,Stayed
1040,1969,0.1406,0,Low,86168,12116.0,Research Scientist,Research & Development,No,2,4,2,2,Stayed
1041,1918,0.1405,0,Low,86168,12107.0,Laboratory Technician,Research & Development,No,1,7,7,1,Stayed
1042,1859,0.1398,0,Low,86168,12045.0,Healthcare Representative,Research & Development,No,2,7,1,2,Stayed
1043,734,0.1397,0,Low,86168,12037.0,Manager,Human Resources,No,5,22,2,1,Stayed
1044,159,0.1396,0,Low,86168,12033.0,Research Scientist,Research & Development,No,1,10,0,3,Stayed
1045,264,0.1396,0,Low,86168,12027.0,Manager,Research & Development,No,4,20,11,1,Stayed
1046,393,0.1393,0,Low,86168,12000.0,Healthcare Representative,Research & Development,No,2,2,1,1,Stayed
1047,152,0.138,0,Low,86168,11889.0,Sales Executive,Sales,No,3,5,1,0,Stayed
1048,483,0.138,0,Low,86168,11888.0,Laboratory Technician,Research & Development,Yes,1,7,1,1,Stayed
1049,498,0.1379,0,Low,86168,11880.0,Sales Executive,Sales,No,2,7,0,0,Stayed
1050,709,0.1378,0,Low,86168,11874.0,Sales Executive,Sales,No,2,7,0,0,Stayed
1051,1590,0.1369,0,Low,86168,11798.0,Healthcare Representative,Research & Development,No,2,6,1,1,Stayed
1052,23,0.1369,0,Low,86168,11794.0,Manager,Sales,No,4,25,3,0,Stayed
1053,501,0.1367,0,Low,86168,11778.0,Research Scientist,Research & Development,No,1,2,2,1,Stayed
1054,1982,0.1366,0,Low,86168,11771.0,Laboratory Technician,Research & Development,No,1,5,1,0,Stayed
1055,641,0.1354,0,Low,86168,11671.0,Sales Executive,Sales,No,2,5,1,2,Stayed
1056,1317,0.1348,0,Low,86168,11611.0,Research Director,Research & Development,Yes,4,3,1,0,Stayed
1057,2041,0.1346,0,Low,86168,11596.0,Sales Executive,Sales,No,2,10,1,1,Stayed
1058,1751,0.1341,0,Low,86168,11555.0,Research Scientist,Research & Development,No,1,6,1,0,Stayed
1059,1638,0.1334,0,Low,86168,11491.0,Manufacturing Director,Research & Development,Yes,3,5,0,1,Stayed
1060,1543,0.1327,0,Low,86168,11436.0,Research Scientist,Research & Development,No,2,10,3,0,Stayed
1061,83,0.1323,0,Low,86168,11397.0,Healthcare Representative,Research & Development,No,3,17,12,3,Stayed
1062,560,0.1322,0,Low,86168,11389.0,Research Scientist,Research & Development,No,1,3,0,2,Stayed
1063,1529,0.1322,0,Low,86168,11387.0,Healthcare Representative,Research & Development,No,3,11,3,0,Stayed
1064,869,0.1308,0,Low,86168,11274.0,Human Resources,Human Resources,No,1,5,0,1,Stayed
1065,406,0.1308,0,Low,86168,11270.0,Sales Executive,Sales,No,3,11,6,2,Stayed
1066,844,0.1306,0,Low,86168,11253.0,Research Director,Research & Development,Yes,3,9,0,1,Stayed
1067,1206,0.1304,0,Low,86168,11235.0,Research Scientist,Research & Development,No,1,0,0,0,Stayed
1068,524,0.1304,0,Low,86168,11232.0,Manufacturing Director,Research & Development,No,2,13,3,1,Stayed
1069,1858,0.1299,0,Low,86168,11196.0,Human Resources,Human Resources,No,1,3,2,1,Stayed
1070,298,0.1296,0,Low,86168,11169.0,Manager,Sales,Yes,3,1,0,0,Stayed
1071,1094,0.1294,0,Low,86168,11149.0,Laboratory Technician,Research & Development,No,1,3,1,3,Stayed
1072,781,0.1289,0,Low,86168,11107.0,Sales Executive,Sales,No,2,6,1,0,Stayed
1073,1689,0.1282,0,Low,86168,11044.0,Healthcare Representative,Research & Development,No,3,4,1,0,Stayed
1074,1029,0.1272,0,Low,86168,10963.0,Manager,Sales,No,5,1,0,0,Stayed
1075,2057,0.1269,0,Low,86168,10938.0,Manufacturing Director,Research & Development,No,2,9,1,0,Stayed
1076,1615,0.1256,0,Low,86168,10825.0,Manufacturing Director,Research & Development,No,2,9,7,1,Stayed
1077,1545,0.1247,0,Low,86168,10743.0,Manufacturing Director,Research & Development,No,2,5,0,0,Stayed
1078,1166,0.1243,0,Low,86168,10714.0,Research Director,Research & Development,No,3,18,2,0,Stayed
1079,171,0.1242,0,Low,86168,10703.0,Research Scientist,Research & Development,No,1,3,1,0,Stayed
1080,1383,0.1236,0,Low,86168,10650.0,Healthcare Representative,Research & Development,No,2,14,4,0,Stayed
1081,823,0.1235,0,Low,86168,10640.0,Manufacturing Director,Research & Development,No,2,9,0,1,Stayed
1082,476,0.1233,0,Low,86168,10625.0,Sales Executive,Sales,No,2,8,7,1,Stayed
1083,1270,0.1227,0,Low,86168,10575.0,Research Scientist,Research & Development,No,1,1,0,1,Stayed
1084,1852,0.1222,0,Low,86168,10533.0,Laboratory Technician,Research & Development,No,1,11,3,0,Stayed
1085,1938,0.1218,0,Low,86168,10496.0,Manager,Sales,Yes,4,1,0,1,Stayed
1086,624,0.1215,0,Low,86168,10466.0,Healthcare Representative,Research & Development,No,3,2,1,0,Stayed
1087,1306,0.1207,0,Low,86168,10403.0,Manager,Research & Development,No,5,0,0,0,Stayed
1088,2061,0.1206,0,Low,86168,10396.0,Laboratory Technician,Research & Development,No,2,5,0,1,Stayed
1089,1903,0.1206,0,Low,86168,10390.0,Healthcare Representative,Research & Development,No,2,2,2,1,Stayed
1090,477,0.1205,0,Low,86168,10381.0,Healthcare Representative,Research & Development,No,2,1,0,0,Stayed
1091,1298,0.1203,0,Low,86168,10364.0,Manufacturing Director,Research & Development,Yes,2,8,1,0,Stayed
1092,924,0.1201,0,Low,86168,10350.0,Healthcare Representative,Research & Development,Yes,2,16,4,1,Stayed
1093,1627,0.1199,0,Low,86168,10335.0,Laboratory Technician,Research & Development,No,2,10,0,1,Stayed
1094,1375,0.1196,0,Low,86168,10305.0,Healthcare Representative,Research & Development,No,2,12,11,3,Stayed
1095,625,0.1195,0,Low,86168,10301.0,Manager,Sales,No,4,18,11,1,Stayed
1096,350,0.1194,0,Low,86168,10289.0,Manufacturing Director,Research & Development,No,2,4,1,2,Stayed
1097,1124,0.1185,0,Low,86168,10215.0,Manager,Sales,No,4,12,4,1,Stayed
1098,192,0.1186,0,Low,86168,10215.0,Research Scientist,Research & Development,No,1,6,0,0,Stayed
1099,1191,0.1184,0,Low,86168,10200.0,Manager,Research & Development,No,5,5,4,1,Stayed
1100,442,0.1182,0,Low,86168,10185.0,Manufacturing Director,Research & Development,No,3,10,8,1,Stayed
1101,2019,0.1181,0,Low,86168,10173.0,Sales Representative,Sales,No,1,9,0,2,Stayed
1102,797,0.118,0,Low,86168,10171.0,Research Scientist,Research & Development,No,1,4,1,0,Stayed
1103,568,0.1178,0,Low,86168,10151.0,Manager,Sales,No,4,1,0,1,Stayed
1104,562,0.1176,0,Low,86168,10137.0,Laboratory Technician,Research & Development,No,1,5,1,1,Stayed
1105,2014,0.1174,0,Low,86168,10119.0,Research Scientist,Research & Development,No,2,7,1,0,Stayed
1106,464,0.117,0,Low,86168,10084.0,Manufacturing Director,Research & Development,No,3,16,0,0,Stayed
1107,2007,0.117,0,Low,86168,10078.0,Research Scientist,Research & Development,No,1,3,1,0,Stayed
1108,579,0.116,0,Low,86168,9997.0,Research Scientist,Research & Development,No,1,7,5,1,Stayed
1109,1582,0.1137,0,Low,86168,9800.0,Sales Executive,Sales,No,2,9,7,1,Stayed
1110,1775,0.1132,0,Low,86168,9755.0,Manufacturing Director,Research & Development,Yes,4,3,0,3,Stayed
1111,1071,0.1132,0,Low,86168,9752.0,Research Scientist,Research & Development,No,1,5,0,1,Stayed
1112,1485,0.113,0,Low,86168,9738.0,Research Director,Research & Development,No,4,14,6,2,Stayed
1113,1478,0.1123,0,Low,86168,9679.0,Sales Executive,Sales,No,2,13,3,0,Stayed
1114,1346,0.1114,0,Low,86168,9602.0,Research Scientist,Research & Development,No,2,9,8,0,Stayed
1115,1231,0.1102,0,Low,86168,9495.0,Human Resources,Human Resources,No,2,4,0,1,Stayed
1116,2062,0.1098,0,Low,86168,9465.0,Healthcare Representative,Research & Development,No,3,7,1,1,Stayed
1117,1989,0.1092,0,Low,86168,9411.0,Laboratory Technician,Research & Development,No,1,12,1,0,Stayed
1118,63,0.1087,0,Low,86168,9369.0,Laboratory Technician,Research & Development,No,1,1,0,0,Stayed
1119,487,0.1077,0,Low,86168,9276.0,Manufacturing Director,Research & Development,No,2,1,0,0,Stayed
1120,1651,0.1075,0,Low,86168,9260.0,Healthcare Representative,Research & Development,No,3,3,0,2,Stayed
1121,1120,0.1072,0,Low,86168,9240.0,Research Scientist,Research & Development,No,1,7,1,1,Stayed
1122,1218,0.1059,0,Low,86168,9124.0,Sales Executive,Sales,Yes,2,7,1,3,Stayed
1123,733,0.1058,0,Low,86168,9120.0,Manufacturing Director,Research & Development,No,3,9,1,2,Stayed
1124,1993,0.1057,0,Low,86168,9112.0,Healthcare Representative,Research & Development,No,3,17,12,0,Stayed
1125,1803,0.1055,0,Low,86168,9088.0,Healthcare Representative,Research & Development,No,2,0,0,2,Stayed
1126,479,0.1054,0,Low,86168,9079.0,Sales Executive,Sales,No,2,1,0,0,Stayed
1127,1085,0.1049,0,Low,86168,9043.0,Research Scientist,Research & Development,No,1,10,0,0,Stayed
1128,715,0.1036,0,Low,86168,8924.0,Research Scientist,Research & Development,No,1,1,0,0,Stayed
1129,287,0.1028,0,Low,86168,8859.0,Healthcare Representative,Research & Development,No,2,3,0,1,Stayed
1130,1778,0.1026,0,Low,86168,8839.0,Human Resources,Human Resources,No,1,9,1,0,Stayed
1131,381,0.102,0,Low,86168,8790.0,Manager,Research & Development,No,3,7,6,1,Stayed
1132,346,0.1019,0,Low,86168,8776.0,Research Scientist,Research & Development,No,1,6,1,0,Stayed
1133,1224,0.1018,0,Low,86168,8770.0,Laboratory Technician,Research & Development,No,2,10,8,3,Stayed
1134,1544,0.1011,0,Low,86168,8713.0,Healthcare Representative,Research & Development,No,2,7,0,1,Stayed
1135,659,0.1005,0,Low,86168,8663.0,Healthcare Representative,Research & Development,No,2,10,2,2,Stayed
1136,468,0.0998,0,Low,86168,8599.0,Research Director,Research & Development,No,4,1,0,0,Stayed
1137,153,0.0997,0,Low,86168,8595.0,Manager,Research & Development,No,3,11,5,0,Stayed
1138,239,0.0996,0,Low,86168,8585.0,Laboratory Technician,Research & Development,No,2,12,6,2,Stayed
1139,162,0.0995,0,Low,86168,8573.0,Research Director,Research & Development,No,5,20,15,0,Stayed
1140,13,0.0994,0,Low,86168,8564.0,Healthcare Representative,Research & Development,No,2,7,7,2,Stayed
1141,942,0.0994,0,Low,86168,8561.0,Healthcare Representative,Research & Development,Yes,2,10,0,1,Stayed
1142,2036,0.099,0,Low,86168,8532.0,Sales Executive,Sales,No,2,15,11,1,Stayed
1143,923,0.0987,0,Low,86168,8504.0,Research Scientist,Research & Development,No,1,1,0,0,Left
1144,1025,0.0987,0,Low,86168,8501.0,Manufacturing Director,Research & Development,No,2,2,2,0,Stayed
1145,250,0.0984,0,Low,86168,8479.0,Manufacturing Director,Research & Development,No,2,4,1,2,Stayed
1146,1812,0.0973,0,Low,86168,8381.0,Sales Executive,Sales,No,2,2,2,1,Stayed
1147,1911,0.0972,0,Low,86168,8379.0,Research Director,Research & Development,No,3,13,5,1,Stayed
1148,826,0.0969,0,Low,86168,8351.0,Research Scientist,Research & Development,No,1,2,2,0,Stayed
1149,2052,0.0957,0,Low,86168,8243.0,Research Scientist,Research & Development,No,1,4,1,1,Stayed
1150,972,0.0949,0,Low,86168,8180.0,Laboratory Technician,Research & Development,No,2,9,0,0,Stayed
1151,1631,0.0946,0,Low,86168,8152.0,Manufacturing Director,Research & Development,No,2,4,0,3,Stayed
1152,1038,0.0944,0,Low,86168,8135.0,Manager,Sales,No,5,32,6,1,Left
1153,1951,0.0936,0,Low,86168,8067.0,Sales Executive,Sales,No,3,8,1,1,Stayed
1154,456,0.0935,0,Low,86168,8061.0,Sales Executive,Sales,No,2,10,1,3,Stayed
1155,1661,0.0933,0,Low,86168,8036.0,Healthcare Representative,Research & Development,Yes,4,15,2,1,Stayed
1156,303,0.0932,0,Low,86168,8030.0,Sales Executive,Sales,No,2,6,0,1,Stayed
1157,1527,0.0931,0,Low,86168,8023.0,Manager,Sales,No,4,13,5,1,Stayed
1158,1322,0.093,0,Low,86168,8016.0,Manufacturing Director,Research & Development,No,2,8,1,0,Stayed
1159,1824,0.0928,0,Low,86168,7998.0,Manager,Sales,No,4,16,14,1,Stayed
1160,787,0.0928,0,Low,86168,7992.0,Manager,Research & Development,Yes,5,5,1,1,Left
1161,1474,0.0924,0,Low,86168,7958.0,Research Scientist,Research & Development,No,1,3,1,1,Stayed
1162,1446,0.092,0,Low,86168,7926.0,Sales Executive,Sales,No,2,4,0,1,Stayed
1163,1757,0.0919,0,Low,86168,7919.0,Sales Executive,Sales,No,2,5,0,0,Stayed
1164,260,0.0918,0,Low,86168,7908.0,Research Scientist,Research & Development,No,1,7,0,0,Stayed
1165,160,0.0915,0,Low,86168,7885.0,Sales Executive,Sales,No,2,7,0,1,Stayed
1166,992,0.0908,0,Low,86168,7828.0,Manager,Sales,No,4,10,6,0,Stayed
1167,1596,0.0908,0,Low,86168,7827.0,Laboratory Technician,Research & Development,No,2,10,6,2,Stayed
1168,742,0.0907,0,Low,86168,7815.0,Research Director,Research & Development,No,3,8,0,1,Stayed
1169,107,0.0907,0,Low,86168,7813.0,Research Scientist,Research & Development,Yes,2,13,1,3,Stayed
1170,722,0.0906,0,Low,86168,7804.0,Sales Executive,Sales,No,2,10,0,0,Stayed
1171,293,0.09,0,Low,86168,7754.0,Sales Executive,Sales,No,2,7,0,0,Stayed
1172,1099,0.0896,0,Low,86168,7721.0,Healthcare Representative,Research & Development,No,3,3,1,1,Stayed
1173,420,0.0894,0,Low,86168,7706.0,Sales Executive,Sales,No,2,13,4,1,Stayed
1174,1800,0.0893,0,Low,86168,7698.0,Research Director,Research & Development,No,3,4,2,0,Stayed
1175,664,0.0893,0,Low,86168,7693.0,Manager,Research & Development,No,4,3,0,1,Stayed
1176,1523,0.0891,0,Low,86168,7676.0,Research Director,Research & Development,No,4,20,14,1,Stayed
1177,1009,0.0888,0,Low,86168,7649.0,Manufacturing Director,Research & Development,No,2,4,3,2,Stayed
1178,1280,0.0886,0,Low,86168,7632.0,Manager,Sales,No,5,11,0,1,Stayed
1179,1246,0.0884,0,Low,86168,7614.0,Research Scientist,Research & Development,No,1,10,7,1,Stayed
1180,1863,0.0877,0,Low,86168,7557.0,Sales Executive,Sales,No,4,19,2,1,Stayed
1181,655,0.0876,0,Low,86168,7550.0,Research Scientist,Research & Development,No,1,5,0,2,Stayed
1182,621,0.0873,0,Low,86168,7518.0,Sales Executive,Sales,No,2,10,5,0,Stayed
1183,1941,0.0869,0,Low,86168,7487.0,Research Director,Research & Development,No,5,5,4,0,Stayed
1184,138,0.0864,0,Low,86168,7443.0,Research Scientist,Research & Development,No,2,16,2,0,Stayed
1185,945,0.0862,0,Low,86168,7429.0,Research Scientist,Research & Development,No,1,0,0,2,Stayed
1186,1789,0.085,0,Low,86168,7322.0,Research Director,Research & Development,Yes,5,2,2,1,Stayed
1187,1013,0.0849,0,Low,86168,7318.0,Manufacturing Director,Research & Development,No,3,10,0,1,Stayed
1188,1809,0.0838,0,Low,86168,7219.0,Manufacturing Director,Research & Development,No,2,10,0,0,Left
1189,2037,0.0834,0,Low,86168,7186.0,Sales Executive,Sales,No,2,5,0,1,Stayed
1190,909,0.0831,0,Low,86168,7161.0,Human Resources,Human Resources,No,2,5,0,2,Stayed
1191,1177,0.0827,0,Low,86168,7130.0,Laboratory Technician,Research & Development,No,1,8,0,1,Stayed
1192,728,0.0824,0,Low,86168,7104.0,Sales Executive,Sales,No,2,7,1,0,Stayed
1193,1771,0.0822,0,Low,86168,7085.0,Research Scientist,Research & Development,No,2,9,1,2,Stayed
1194,1976,0.0822,0,Low,86168,7079.0,Research Scientist,Research & Development,No,2,20,3,0,Stayed
1195,460,0.082,0,Low,86168,7066.0,Manufacturing Director,Research & Development,No,2,6,0,2,Stayed
1196,1602,0.0816,0,Low,86168,7032.0,Manager,Sales,No,4,26,0,0,Stayed
1197,319,0.0802,0,Low,86168,6912.0,Manager,Research & Development,No,5,22,11,0,Stayed
1198,1192,0.0796,0,Low,86168,6857.0,Laboratory Technician,Research & Development,No,1,10,0,1,Stayed
1199,253,0.0794,0,Low,86168,6840.0,Manager,Research & Development,No,5,20,9,1,Stayed
1200,958,0.0792,0,Low,86168,6821.0,Laboratory Technician,Research & Development,No,1,11,3,0,Stayed
1201,1764,0.0791,0,Low,86168,6820.0,Research Scientist,Research & Development,No,1,7,0,0,Stayed
1202,990,0.0791,0,Low,86168,6812.0,Sales Executive,Sales,No,2,7,0,2,Stayed
1203,1039,0.079,0,Low,86168,6808.0,Sales Executive,Sales,Yes,4,12,11,1,Stayed
1204,947,0.079,0,Low,86168,6807.0,Sales Executive,Sales,No,2,9,0,1,Stayed
1205,419,0.0785,0,Low,86168,6766.0,Laboratory Technician,Research & Development,No,2,9,0,1,Stayed
1206,1196,0.0782,0,Low,86168,6737.0,Manufacturing Director,Research & Development,No,2,14,3,1,Stayed
1207,1267,0.0781,0,Low,86168,6733.0,Manager,Sales,No,5,22,3,1,Stayed
1208,333,0.078,0,Low,86168,6725.0,Sales Executive,Sales,No,2,3,2,0,Stayed
1209,116,0.0778,0,Low,86168,6704.0,Laboratory Technician,Research & Development,No,1,4,0,2,Stayed
1210,1497,0.0775,0,Low,86168,6676.0,Sales Executive,Sales,No,2,10,0,2,Stayed
1211,306,0.0774,0,Low,86168,6671.0,Research Director,Research & Development,Yes,3,10,0,3,Stayed
1212,143,0.0774,0,Low,86168,6667.0,Research Scientist,Research & Development,No,1,2,2,2,Stayed
1213,86,0.0773,0,Low,86168,6665.0,Research Scientist,Research & Development,No,3,1,0,1,Stayed
1214,707,0.0771,0,Low,86168,6644.0,Sales Executive,Sales,No,2,3,1,1,Stayed
1215,671,0.0766,0,Low,86168,6605.0,Manager,Research & Development,Yes,5,2,0,1,Stayed
1216,412,0.0764,0,Low,86168,6585.0,Healthcare Representative,Research & Development,No,2,8,0,0,Stayed
1217,1182,0.076,0,Low,86168,6545.0,Manufacturing Director,Research & Development,No,3,7,6,1,Stayed
1218,1871,0.0759,0,Low,86168,6544.0,Research Scientist,Research & Development,No,2,2,2,3,Stayed
1219,2017,0.0759,0,Low,86168,6540.0,Research Director,Research & Development,Yes,3,16,6,1,Stayed
1220,1578,0.0753,0,Low,86168,6488.0,Manager,Sales,No,5,36,2,1,Stayed
1221,288,0.0752,0,Low,86168,6483.0,Healthcare Representative,Research & Development,No,3,4,0,1,Stayed
1222,1546,0.0732,0,Low,86168,6306.0,Research Scientist,Research & Development,No,1,5,0,1,Stayed
1223,544,0.0725,0,Low,86168,6244.0,Research Scientist,Research & Development,No,1,2,0,2,Stayed
1224,996,0.0722,0,Low,86168,6217.0,Laboratory Technician,Research & Development,No,1,5,0,2,Stayed
1225,1707,0.0721,0,Low,86168,6212.0,Research Scientist,Research & Development,No,1,5,0,1,Stayed
1226,1823,0.0715,0,Low,86168,6161.0,Sales Executive,Sales,No,2,10,4,2,Stayed
1227,1619,0.0715,0,Low,86168,6159.0,Laboratory Technician,Research & Development,No,1,7,0,2,Stayed
1228,1259,0.0714,0,Low,86168,6154.0,Research Scientist,Research & Development,No,1,5,0,3,Stayed
1229,1097,0.0714,0,Low,86168,6153.0,Research Scientist,Research & Development,No,2,8,1,0,Stayed
1230,1238,0.0709,0,Low,86168,6112.0,Research Scientist,Research & Development,No,1,14,4,1,Stayed
1231,1830,0.0706,0,Low,86168,6083.0,Research Scientist,Research & Development,No,2,7,1,1,Stayed
1232,410,0.0705,0,Low,86168,6074.0,Manager,Sales,No,4,22,0,0,Stayed
1233,349,0.0703,0,Low,86168,6055.0,Sales Executive,Sales,No,2,3,0,1,Stayed
1234,574,0.0702,0,Low,86168,6048.0,Manufacturing Director,Research & Development,No,2,5,0,3,Stayed
1235,2016,0.0701,0,Low,86168,6041.0,Sales Executive,Sales,No,3,14,5,2,Stayed
1236,1662,0.0697,0,Low,86168,6008.0,Manufacturing Director,Research & Development,No,2,3,1,0,Stayed
1237,106,0.0696,0,Low,86168,5993.0,Sales Executive,Sales,No,3,1,1,1,Stayed
1238,292,0.0689,0,Low,86168,5934.0,Manufacturing Director,Research & Development,No,3,11,5,0,Stayed
1239,77,0.0688,0,Low,86168,5930.0,Manufacturing Director,Research & Development,No,2,7,0,1,Stayed
1240,786,0.0687,0,Low,86168,5920.0,Sales Executive,Sales,No,2,6,1,0,Stayed
1241,1133,0.0683,0,Low,86168,5884.0,Manufacturing Director,Research & Development,No,2,11,0,0,Stayed
1242,1670,0.0676,0,Low,86168,5825.0,Sales Executive,Sales,No,2,6,0,2,Stayed
1243,421,0.0676,0,Low,86168,5824.0,Research Director,Research & Development,No,3,10,0,1,Stayed
1244,1999,0.0673,0,Low,86168,5800.0,Research Scientist,Research & Development,No,1,5,1,1,Stayed
1245,710,0.0668,0,Low,86168,5756.0,Research Scientist,Research & Development,No,1,10,2,1,Stayed
1246,336,0.0667,0,Low,86168,5751.0,Manager,Research & Development,No,5,24,1,1,Stayed
1247,612,0.0663,0,Low,86168,5712.0,Research Director,Research & Development,No,4,6,0,1,Stayed
1248,532,0.0656,0,Low,86168,5655.0,Sales Executive,Sales,No,4,7,7,3,Stayed
1249,1268,0.0651,0,Low,86168,5612.0,Sales Executive,Sales,Yes,3,9,0,2,Stayed
1250,384,0.065,0,Low,86168,5605.0,Manufacturing Director,Research & Development,No,2,6,1,1,Stayed
1251,1573,0.065,0,Low,86168,5602.0,Manufacturing Director,Research & Development,No,2,5,1,2,Left
1252,1664,0.0649,0,Low,86168,5591.0,Healthcare Representative,Research & Development,No,2,5,0,1,Stayed
1253,631,0.0647,0,Low,86168,5577.0,Sales Executive,Sales,No,2,4,1,0,Left
1254,20,0.0646,0,Low,86168,5564.0,Manufacturing Director,Research & Development,No,3,10,8,1,Stayed
1255,1334,0.0644,0,Low,86168,5547.0,Manager,Research & Development,Yes,4,20,2,0,Stayed
1256,867,0.064,0,Low,86168,5515.0,Manufacturing Director,Research & Development,No,4,9,0,0,Stayed
1257,482,0.064,0,Low,86168,5512.0,Healthcare Representative,Research & Development,No,2,3,1,0,Stayed
1258,1867,0.0636,0,Low,86168,5476.0,Research Director,Research & Development,No,5,22,12,0,Stayed
1259,1697,0.0634,0,Low,86168,5463.0,Healthcare Representative,Research & Development,No,3,1,0,1,Stayed
1260,564,0.0626,0,Low,86168,5392.0,Research Director,Research & Development,No,3,10,0,0,Stayed
1261,465,0.062,0,Low,86168,5346.0,Research Scientist,Research & Development,No,1,4,0,2,Stayed
1262,725,0.062,0,Low,86168,5343.0,Manufacturing Director,Research & Development,No,3,9,0,0,Stayed
1263,256,0.062,0,Low,86168,5342.0,Manufacturing Director,Research & Development,No,2,10,1,0,Stayed
1264,84,0.0618,0,Low,86168,5329.0,Manager,Research & Development,Yes,4,5,0,3,Stayed
1265,1658,0.0609,0,Low,86168,5246.0,Research Scientist,Research & Development,No,2,11,7,1,Stayed
1266,112,0.0606,0,Low,86168,5225.0,Manufacturing Director,Research & Development,No,3,6,0,0,Stayed
1267,520,0.0606,0,Low,86168,5224.0,Research Director,Research & Development,No,4,25,3,1,Stayed
1268,1315,0.0604,0,Low,86168,5206.0,Laboratory Technician,Research & Development,No,2,9,7,3,Stayed
1269,845,0.0604,0,Low,86168,5205.0,Manufacturing Director,Research & Development,No,3,8,1,0,Stayed
1270,807,0.0604,0,Low,86168,5204.0,Healthcare Representative,Research & Development,No,2,8,3,1,Stayed
1271,1007,0.0602,0,Low,86168,5185.0,Manufacturing Director,Research & Development,No,3,8,0,1,Stayed
1272,461,0.0601,0,Low,86168,5176.0,Research Director,Research & Development,Yes,3,11,2,1,Stayed
1273,1018,0.0594,0,Low,86168,5115.0,Manufacturing Director,Research & Development,No,2,8,1,0,Stayed
1274,985,0.0586,0,Low,86168,5052.0,Sales Executive,Sales,No,3,8,0,0,Stayed
1275,380,0.0584,0,Low,86168,5030.0,Research Director,Research & Development,Yes,3,5,0,2,Stayed
1276,1128,0.0583,0,Low,86168,5024.0,Research Director,Research & Development,No,5,20,4,0,Stayed
1277,469,0.0583,0,Low,86168,5021.0,Sales Executive,Sales,No,2,4,0,1,Stayed
1278,1289,0.0581,0,Low,86168,5008.0,Human Resources,Human Resources,No,2,10,1,2,Stayed
1279,769,0.0581,0,Low,86168,5008.0,Laboratory Technician,Research & Development,No,2,2,2,0,Stayed
1280,1947,0.0578,0,Low,86168,4977.0,Research Scientist,Research & Development,No,1,5,1,0,Stayed
1281,1088,0.0576,0,Low,86168,4967.0,Healthcare Representative,Research & Development,No,3,19,1,1,Stayed
1282,307,0.0575,0,Low,86168,4954.0,Sales Executive,Sales,No,3,16,5,2,Stayed
1283,1228,0.0573,0,Low,86168,4941.0,Manufacturing Director,Research & Development,No,2,6,1,1,Stayed
1284,1618,0.0573,0,Low,86168,4940.0,Manufacturing Director,Research & Development,No,2,7,7,3,Stayed
1285,26,0.0572,0,Low,86168,4927.0,Manufacturing Director,Research & Development,No,2,4,1,1,Stayed
1286,1459,0.0571,0,Low,86168,4922.0,Manufacturing Director,Research & Development,No,3,10,4,0,Left
1287,42,0.0571,0,Low,86168,4917.0,Sales Representative,Sales,No,2,1,0,1,Left
1288,1358,0.0567,0,Low,86168,4887.0,Laboratory Technician,Research & Development,No,1,3,1,3,Stayed
1289,177,0.0565,0,Low,86168,4871.0,Human Resources,Human Resources,No,1,8,5,1,Stayed
1290,1727,0.0563,0,Low,86168,4851.0,Healthcare Representative,Research & Development,No,2,10,0,0,Stayed
1291,840,0.056,0,Low,86168,4829.0,Sales Executive,Sales,No,3,9,7,2,Left
1292,1483,0.0558,0,Low,86168,4812.0,Research Scientist,Research & Development,No,2,12,2,1,Stayed
1293,1621,0.0553,0,Low,86168,4762.0,Research Scientist,Research & Development,No,2,16,1,0,Stayed
1294,1295,0.0549,0,Low,86168,4730.0,Healthcare Representative,Research & Development,No,3,10,0,1,Left
1295,2034,0.0547,0,Low,86168,4712.0,Manufacturing Director,Research & Development,No,4,20,0,1,Stayed
1296,1965,0.0547,0,Low,86168,4710.0,Sales Executive,Sales,No,2,7,0,0,Stayed
1297,182,0.0544,0,Low,86168,4689.0,Sales Executive,Sales,No,2,15,5,1,Stayed
1298,395,0.0543,0,Low,86168,4682.0,Research Scientist,Research & Development,No,1,5,0,0,Stayed
1299,1249,0.0542,0,Low,86168,4671.0,Research Scientist,Research & Development,No,1,3,1,3,Stayed
1300,1712,0.0542,0,Low,86168,4671.0,Healthcare Representative,Research & Development,No,3,23,14,1,Stayed
1301,373,0.054,0,Low,86168,4655.0,Laboratory Technician,Research & Development,No,1,15,10,1,Stayed
1302,36,0.0539,0,Low,86168,4645.0,Healthcare Representative,Research & Development,No,3,22,5,1,Stayed
1303,158,0.0531,0,Low,86168,4577.0,Manager,Sales,Yes,4,25,4,2,Stayed
1304,599,0.0531,0,Low,86168,4574.0,Sales Executive,Sales,No,2,14,1,0,Stayed
1305,170,0.053,0,Low,86168,4566.0,Manufacturing Director,Research & Development,No,2,15,5,0,Stayed
1306,1608,0.0523,0,Low,86168,4509.0,Research Director,Research & Development,Yes,5,22,1,1,Stayed
1307,391,0.0523,0,Low,86168,4507.0,Research Scientist,Research & Development,No,1,17,5,0,Stayed
1308,98,0.0521,0,Low,86168,4491.0,Manufacturing Director,Research & Development,No,2,11,1,0,Stayed
1309,259,0.052,0,Low,86168,4480.0,Manager,Research & Development,No,5,33,11,1,Stayed
1310,597,0.0519,0,Low,86168,4468.0,Manager,Sales,No,4,10,7,0,Stayed
1311,653,0.0514,0,Low,86168,4433.0,Sales Executive,Sales,No,2,7,5,2,Stayed
1312,1671,0.0509,0,Low,86168,4384.0,Research Scientist,Research & Development,No,2,9,1,2,Stayed
1313,361,0.0501,0,Low,86168,4321.0,Sales Executive,Sales,No,2,8,7,1,Stayed
1314,1763,0.05,0,Low,86168,4310.0,Healthcare Representative,Research & Development,No,2,7,1,1,Stayed
1315,2025,0.0498,0,Low,86168,4292.0,Manufacturing Director,Research & Development,No,2,4,0,3,Stayed
1316,830,0.0493,0,Low,86168,4252.0,Manufacturing Director,Research & Development,No,2,14,6,1,Stayed
1317,606,0.0485,0,Low,86168,4183.0,Sales Executive,Sales,No,2,8,3,1,Stayed
1318,689,0.048,0,Low,86168,4135.0,Manufacturing Director,Research & Development,No,3,10,7,1,Stayed
1319,683,0.0475,0,Low,86168,4093.0,Research Scientist,Research & Development,No,1,10,8,1,Stayed
1320,1338,0.047,0,Low,86168,4050.0,Manager,Human Resources,No,5,7,7,0,Stayed
1321,96,0.0466,0,Low,86168,4012.0,Research Scientist,Research & Development,No,2,10,0,2,Stayed
1322,1644,0.0464,0,Low,86168,3997.0,Manager,Research & Development,No,4,2,2,1,Stayed
1323,1245,0.0463,0,Low,86168,3990.0,Manufacturing Director,Research & Development,No,3,5,1,1,Stayed
1324,1971,0.0463,0,Low,86168,3987.0,Healthcare Representative,Research & Development,No,3,10,0,1,Stayed
1325,1225,0.0458,0,Low,86168,3945.0,Research Scientist,Research & Development,No,2,20,13,0,Stayed
1326,1288,0.0454,0,Low,86168,3909.0,Manager,Research & Development,No,5,25,14,2,Stayed
1327,2015,0.0449,0,Low,86168,3867.0,Research Director,Research & Development,No,3,18,1,1,Stayed
1328,843,0.0444,0,Low,86168,3827.0,Research Director,Research & Development,No,4,4,1,1,Stayed
1329,500,0.0439,0,Low,86168,3778.0,Sales Executive,Sales,No,2,7,0,1,Stayed
1330,94,0.0433,0,Low,86168,3728.0,Research Scientist,Research & Development,No,1,5,0,1,Stayed
1331,1607,0.0432,0,Low,86168,3720.0,Research Scientist,Research & Development,No,1,3,0,2,Stayed
1332,1096,0.0431,0,Low,86168,3713.0,Manufacturing Director,Research & Development,No,3,3,1,1,Stayed
1333,1805,0.043,0,Low,86168,3702.0,Human Resources,Human Resources,No,1,11,3,3,Stayed
1334,1024,0.0427,0,Low,86168,3680.0,Healthcare Representative,Research & Development,No,3,15,4,0,Stayed
1335,76,0.042,0,Low,86168,3620.0,Laboratory Technician,Research & Development,No,2,7,1,1,Stayed
1336,117,0.042,0,Low,86168,3617.0,Healthcare Representative,Research & Development,No,2,11,10,3,Stayed
1337,1074,0.0417,0,Low,86168,3595.0,Manager,Research & Development,No,4,9,6,0,Stayed
1338,1117,0.0415,0,Low,86168,3575.0,Sales Executive,Sales,No,2,15,4,1,Stayed
1339,1845,0.0406,0,Low,86168,3499.0,Sales Executive,Sales,No,2,8,5,2,Stayed
1340,1696,0.0406,0,Low,86168,3499.0,Laboratory Technician,Research & Development,No,2,15,4,1,Stayed
1341,1940,0.0401,0,Low,86168,3454.0,Research Scientist,Research & Development,No,1,5,0,2,Stayed
1342,1774,0.0399,0,Low,86168,3437.0,Sales Executive,Sales,Yes,2,15,0,1,Stayed
1343,1677,0.0396,0,Low,86168,3413.0,Manager,Research & Development,No,4,8,0,0,Stayed
1344,2035,0.039,0,Low,86168,3359.0,Sales Executive,Sales,No,2,8,1,2,Stayed
1345,692,0.0386,0,Low,86168,3323.0,Healthcare Representative,Research & Development,No,2,13,4,1,Stayed
1346,1422,0.0385,0,Low,86168,3316.0,Research Director,Research & Development,No,4,20,12,0,Stayed
1347,28,0.0379,0,Low,86168,3264.0,Research Director,Research & Development,No,3,12,2,0,Stayed
1348,1799,0.0377,0,Low,86168,3252.0,Research Scientist,Research & Development,No,1,5,0,1,Stayed
1349,1368,0.0377,0,Low,86168,3247.0,Laboratory Technician,Research & Development,No,1,0,0,0,Stayed
1350,386,0.0374,0,Low,86168,3225.0,Research Director,Research & Development,Yes,4,5,1,3,Stayed
1351,1934,0.0373,0,Low,86168,3215.0,Research Scientist,Research & Development,No,2,8,1,1,Stayed
1352,226,0.0371,0,Low,86168,3201.0,Manager,Research & Development,No,5,5,4,0,Stayed
1353,1572,0.0364,0,Low,86168,3135.0,Manufacturing Director,Research & Development,No,3,33,1,1,Left
1354,1363,0.0364,0,Low,86168,3132.0,Manufacturing Director,Research & Development,No,3,10,0,0,Stayed
1355,1822,0.036,0,Low,86168,3101.0,Healthcare Representative,Research & Development,No,2,5,0,1,Stayed
1356,283,0.0359,0,Low,86168,3097.0,Sales Executive,Sales,No,3,10,1,3,Left
1357,1635,0.0356,0,Low,86168,3067.0,Manufacturing Director,Research & Development,No,2,10,3,2,Stayed
1358,724,0.0351,0,Low,86168,3021.0,Healthcare Representative,Research & Development,No,2,9,1,0,Stayed
1359,377,0.0346,0,Low,86168,2982.0,Research Scientist,Research & Development,No,1,5,0,1,Stayed
1360,1336,0.0346,0,Low,86168,2980.0,Manager,Research & Development,No,5,19,9,1,Stayed
1361,217,0.0345,0,Low,86168,2977.0,Research Scientist,Research & Development,No,1,2,2,2,Stayed
1362,791,0.0343,0,Low,86168,2957.0,Research Scientist,Research & Development,No,1,4,1,1,Stayed
1363,771,0.0343,0,Low,86168,2954.0,Healthcare Representative,Research & Development,No,2,1,0,1,Stayed
1364,1408,0.0342,0,Low,86168,2947.0,Manager,Human Resources,No,4,20,0,1,Stayed
1365,1516,0.0342,0,Low,86168,2943.0,Manager,Research & Development,No,3,5,0,0,Stayed
1366,148,0.0339,0,Low,86168,2925.0,Manager,Human Resources,Yes,4,5,4,0,Stayed
1367,1382,0.0339,0,Low,86168,2918.0,Research Scientist,Research & Development,No,1,4,0,3,Stayed
1368,1344,0.0322,0,Low,86168,2778.0,Healthcare Representative,Research & Development,No,3,9,1,1,Stayed
1369,1005,0.0322,0,Low,86168,2771.0,Manufacturing Director,Research & Development,Yes,4,12,1,1,Stayed
1370,984,0.032,0,Low,86168,2760.0,Sales Executive,Sales,No,3,10,0,1,Stayed
1371,252,0.0316,0,Low,86168,2724.0,Research Scientist,Research & Development,No,1,8,1,1,Stayed
1372,369,0.0316,0,Low,86168,2720.0,Healthcare Representative,Research & Development,No,2,6,1,2,Stayed
1373,1900,0.0315,0,Low,86168,2718.0,Manager,Research & Development,No,4,22,4,1,Stayed
1374,1869,0.0314,0,Low,86168,2708.0,Sales Executive,Sales,No,3,8,0,3,Left
1375,1449,0.0308,0,Low,86168,2658.0,Laboratory Technician,Research & Development,No,2,8,0,2,Stayed
1376,1256,0.0304,0,Low,86168,2620.0,Manager,Research & Development,No,5,1,0,1,Stayed
1377,46,0.03,0,Low,86168,2586.0,Research Scientist,Research & Development,No,1,5,1,2,Stayed
1378,1115,0.0292,0,Low,86168,2514.0,Research Scientist,Research & Development,No,1,0,0,3,Stayed
1379,327,0.0289,0,Low,86168,2488.0,Manager,Sales,Yes,4,17,1,1,Stayed
1380,505,0.0288,0,Low,86168,2485.0,Manager,Research & Development,Yes,4,5,1,0,Stayed
1381,258,0.0278,0,Low,86168,2399.0,Healthcare Representative,Research & Development,No,4,7,1,0,Stayed
1382,296,0.0273,0,Low,86168,2353.0,Research Director,Research & Development,No,3,10,4,2,Stayed
1383,851,0.0269,0,Low,86168,2316.0,Manager,Sales,No,4,20,4,1,Stayed
1384,195,0.0267,0,Low,86168,2305.0,Sales Executive,Sales,No,2,8,0,3,Stayed
1385,950,0.0263,0,Low,86168,2269.0,Research Director,Research & Development,No,3,15,5,1,Stayed
1386,1595,0.0259,0,Low,86168,2232.0,Manager,Research & Development,No,5,1,0,0,Stayed
1387,638,0.0258,0,Low,86168,2226.0,Research Director,Research & Development,Yes,5,31,0,1,Stayed
1388,1693,0.0258,0,Low,86168,2225.0,Laboratory Technician,Research & Development,No,1,7,5,0,Stayed
1389,1821,0.0257,0,Low,86168,2217.0,Healthcare Representative,Research & Development,No,2,9,3,1,Left
1390,2008,0.0257,0,Low,86168,2216.0,Research Scientist,Research & Development,No,2,10,0,0,Stayed
1391,1015,0.0257,0,Low,86168,2216.0,Research Director,Research & Development,Yes,3,8,1,3,Stayed
1392,2051,0.0248,0,Low,86168,2134.0,Research Scientist,Research & Development,No,1,5,0,3,Stayed
1393,1888,0.0248,0,Low,86168,2134.0,Manufacturing Director,Research & Development,No,2,9,3,2,Stayed
1394,1770,0.0238,0,Low,86168,2048.0,Research Director,Research & Development,No,5,1,0,3,Stayed
1395,273,0.0237,0,Low,86168,2041.0,Manufacturing Director,Research & Development,No,2,7,1,1,Stayed
1396,1283,0.0236,0,Low,86168,2031.0,Manufacturing Director,Research & Development,No,3,9,5,0,Stayed
1397,1995,0.023,0,Low,86168,1984.0,Sales Executive,Sales,No,2,15,5,2,Stayed
1398,447,0.0224,0,Low,86168,1930.0,Research Director,Research & Development,No,5,3,1,1,Stayed
1399,1040,0.0218,0,Low,86168,1876.0,Sales Executive,Sales,No,2,18,0,1,Stayed
1400,634,0.0216,0,Low,86168,1861.0,Healthcare Representative,Research & Development,No,2,1,0,1,Stayed
1401,1423,0.0213,0,Low,86168,1838.0,Research Director,Research & Development,Yes,5,9,1,1,Stayed
1402,2026,0.0202,0,Low,86168,1743.0,Healthcare Representative,Research & Development,No,2,13,1,1,Stayed
1403,815,0.0202,0,Low,86168,1738.0,Research Director,Research & Development,No,4,4,0,0,Stayed
1404,385,0.0198,0,Low,86168,1702.0,Research Director,Research & Development,No,5,10,1,2,Stayed
1405,550,0.0194,0,Low,86168,1669.0,Manufacturing Director,Research & Development,No,2,10,0,1,Stayed
1406,1217,0.0193,0,Low,86168,1665.0,Research Director,Research & Development,No,5,4,0,1,Stayed
1407,551,0.019,0,Low,86168,1640.0,Healthcare Representative,Research & Development,No,2,6,0,3,Stayed
1408,308,0.0188,0,Low,86168,1624.0,Manufacturing Director,Research & Development,No,2,5,1,1,Stayed
1409,1955,0.018,0,Low,86168,1551.0,Healthcare Representative,Research & Development,No,2,5,1,1,Stayed
1410,850,0.0179,0,Low,86168,1541.0,Research Scientist,Research & Development,No,1,0,0,3,Stayed
1411,1970,0.0178,0,Low,86168,1536.0,Healthcare Representative,Research & Development,No,2,9,2,3,Stayed
1412,1655,0.0178,0,Low,86168,1535.0,Research Director,Research & Development,No,4,4,1,2,Stayed
1413,139,0.0178,0,Low,86168,1530.0,Healthcare Representative,Research & Development,No,2,1,0,1,Stayed
1414,1045,0.0175,0,Low,86168,1509.0,Manager,Sales,No,4,9,1,1,Stayed
1415,2022,0.0173,0,Low,86168,1495.0,Manager,Research & Development,No,5,6,1,0,Stayed
1416,824,0.0171,0,Low,86168,1478.0,Research Scientist,Research & Development,No,1,10,0,1,Stayed
1417,817,0.0158,0,Low,86168,1365.0,Research Director,Research & Development,No,3,13,3,0,Stayed
1418,352,0.0158,0,Low,86168,1359.0,Research Director,Research & Development,No,5,21,3,1,Stayed
1419,1676,0.0155,0,Low,86168,1334.0,Manager,Sales,No,4,3,1,3,Stayed
1420,1857,0.0147,0,Low,86168,1265.0,Manufacturing Director,Research & Development,No,3,9,4,1,Stayed
1421,1472,0.0145,0,Low,86168,1247.0,Research Director,Research & Development,No,4,9,8,0,Stayed
1422,1263,0.0141,0,Low,86168,1212.0,Research Director,Research & Development,No,5,1,0,0,Stayed
1423,1304,0.014,0,Low,86168,1203.0,Sales Executive,Sales,No,2,10,0,2,Stayed
1424,999,0.0138,0,Low,86168,1188.0,Research Director,Research & Development,No,5,18,0,1,Stayed
1425,1121,0.0138,0,Low,86168,1185.0,Manufacturing Director,Research & Development,No,3,9,1,3,Stayed
1426,1264,0.0133,0,Low,86168,1149.0,Research Director,Research & Development,No,4,7,1,2,Stayed
1427,438,0.013,0,Low,86168,1119.0,Sales Executive,Sales,No,2,7,1,3,Stayed
1428,1666,0.0126,0,Low,86168,1090.0,Research Director,Research & Development,No,4,14,6,1,Stayed
1429,1520,0.0126,0,Low,86168,1084.0,Manager,Research & Development,No,4,14,1,1,Stayed
1430,546,0.0122,0,Low,86168,1052.0,Manager,Research & Development,No,4,5,1,0,Stayed
1431,1116,0.0118,0,Low,86168,1017.0,Manager,Research & Development,No,4,5,2,0,Stayed
1432,140,0.0116,0,Low,86168,999.0,Manager,Human Resources,No,5,3,2,1,Stayed
1433,1069,0.0113,0,Low,86168,974.0,Research Director,Research & Development,No,5,2,2,2,Stayed
1434,581,0.0108,0,Low,86168,933.0,Manufacturing Director,Research & Development,No,3,13,0,1,Stayed
1435,1653,0.0107,0,Low,86168,926.0,Manufacturing Director,Research & Development,No,2,7,0,2,Stayed
1436,976,0.0107,0,Low,86168,925.0,Manager,Research & Development,No,4,9,7,1,Stayed
1437,270,0.0105,0,Low,86168,909.0,Manufacturing Director,Research & Development,No,2,5,0,1,Stayed
1438,727,0.0103,0,Low,86168,890.0,Research Director,Research & Development,No,3,7,7,0,Stayed
1439,1698,0.0102,0,Low,86168,880.0,Laboratory Technician,Research & Development,No,1,14,2,3,Stayed
1440,441,0.01,0,Low,86168,860.0,Research Scientist,Research & Development,No,2,10,1,2,Stayed
1441,1728,0.0097,0,Low,86168,836.0,Manufacturing Director,Research & Development,No,2,7,0,1,Stayed
1442,1397,0.0093,0,Low,86168,802.0,Healthcare Representative,Research & Development,No,3,6,0,1,Stayed
1443,1979,0.0092,0,Low,86168,793.0,Research Director,Research & Development,No,3,11,4,1,Stayed
1444,262,0.0091,0,Low,86168,787.0,Research Scientist,Research & Development,No,1,5,2,3,Stayed
1445,275,0.0091,0,Low,86168,785.0,Manufacturing Director,Research & Development,Yes,2,7,1,2,Stayed
1446,1625,0.0091,0,Low,86168,783.0,Manager,Human Resources,No,5,5,1,1,Stayed
1447,1443,0.009,0,Low,86168,772.0,Research Director,Research & Development,No,4,20,5,2,Stayed
1448,997,0.0081,0,Low,86168,699.0,Research Director,Research & Development,No,4,5,1,1,Stayed
1449,323,0.008,0,Low,86168,689.0,Manager,Sales,No,5,7,0,1,Stayed
1450,901,0.0079,0,Low,86168,682.0,Research Director,Research & Development,No,4,12,3,0,Stayed
1451,1484,0.0079,0,Low,86168,678.0,Healthcare Representative,Research & Development,No,3,8,0,2,Stayed
1452,1668,0.0074,0,Low,86168,639.0,Research Scientist,Research & Development,No,2,13,2,2,Stayed
1453,1804,0.0072,0,Low,86168,622.0,Manufacturing Director,Research & Development,No,2,7,1,1,Stayed
1454,558,0.007,0,Low,86168,606.0,Manager,Sales,No,5,20,1,0,Stayed
1455,1630,0.0067,0,Low,86168,575.0,Healthcare Representative,Research & Development,No,2,14,2,1,Stayed
1456,208,0.0064,0,Low,86168,552.0,Manufacturing Director,Research & Development,No,2,10,0,1,Stayed
1457,1255,0.0062,0,Low,86168,537.0,Research Director,Research & Development,No,5,8,0,1,Stayed
1458,1035,0.0061,0,Low,86168,524.0,Research Director,Research & Development,No,5,21,5,2,Stayed
1459,1215,0.0056,0,Low,86168,485.0,Manager,Research & Development,No,4,2,2,1,Stayed
1460,254,0.0049,0,Low,86168,420.0,Research Director,Research & Development,No,5,24,2,0,Stayed
1461,417,0.0048,0,Low,86168,415.0,Healthcare Representative,Research & Development,No,3,18,3,3,Stayed
1462,1468,0.0046,0,Low,86168,400.0,Research Director,Research & Development,No,3,9,4,1,Stayed
1463,1201,0.0045,0,Low,86168,391.0,Manager,Research & Development,No,5,7,4,1,Stayed
1464,730,0.0045,0,Low,86168,384.0,Research Director,Research & Development,No,4,5,1,0,Stayed
1465,32,0.0044,0,Low,86168,382.0,Manager,Research & Development,No,5,14,4,1,Stayed
1466,2000,0.0044,0,Low,86168,375.0,Research Director,Research & Development,No,3,13,5,2,Stayed
1467,1656,0.0037,0,Low,86168,317.0,Research Director,Research & Development,No,3,14,1,3,Stayed
1468,1665,0.0021,0,Low,86168,182.0,Manager,Research & Development,No,4,10,4,1,Stayed
1469,1250,0.0012,0,Low,86168,101.0,Research Director,Research & Development,No,4,10,0,0,Stayed
1470,1424,0.0008,0,Low,86168,67.0,Research Director,Research & Development,No,4,7,0,2,Stayed
